authorship_id,institution_id
W1524333225-A5084286453,https://openalex.org/I1290206253
W1525961042-A5020917394,https://openalex.org/I4210114444
W1525961042-A5052390500,https://openalex.org/I4210114444
W1525961042-A5057127344,https://openalex.org/I4210114444
W1525961042-A5062546146,https://openalex.org/I4210114444
W1525961042-A5076635608,https://openalex.org/I4210114444
W1525961042-A5078511139,https://openalex.org/I4210114444
W1525961042-A5107859338,https://openalex.org/I4210114444
W1539309091-A5068010225,https://openalex.org/I1291425158
W1539309091-A5076738898,https://openalex.org/I1291425158
W1539309091-A5113452656,https://openalex.org/I1291425158
W2109664771-A5046457818,https://openalex.org/I1291425158
W2109664771-A5047997552,https://openalex.org/I1291425158
W2109664771-A5076738898,https://openalex.org/I1291425158
W2109664771-A5078560039,https://openalex.org/I1291425158
W2541884796-A5040311844,https://openalex.org/I1291425158
W2541884796-A5044698998,https://openalex.org/I1291425158
W2541884796-A5071710055,https://openalex.org/I1291425158
W2541884796-A5080901995,https://openalex.org/I1291425158
W2889326796-A5016113002,https://openalex.org/I4210114444
W2889326796-A5065912572,https://openalex.org/I4210114444
W2889326796-A5076248976,https://openalex.org/I4210114444
W2889326796-A5083212922,https://openalex.org/I4210114444
W2936262349-A5015128745,https://openalex.org/I201448701
W2936262349-A5015128745,https://openalex.org/I4210156221
W2936262349-A5048292406,https://openalex.org/I201448701
W2936262349-A5076412680,https://openalex.org/I201448701
W2936262349-A5076412680,https://openalex.org/I4210156221
W2936262349-A5101989589,https://openalex.org/I201448701
W2936262349-A5101989589,https://openalex.org/I4210156221
W2936262349-A5102992157,https://openalex.org/I4210156221
W2938704169-A5023705881,https://openalex.org/I157614274
W2938704169-A5023705881,https://openalex.org/I201448701
W2938704169-A5033945505,https://openalex.org/I201448701
W2938704169-A5033945505,https://openalex.org/I4210156221
W2938704169-A5034181783,https://openalex.org/I201448701
W2938704169-A5063151917,https://openalex.org/I201448701
W2938704169-A5102992157,https://openalex.org/I157614274
W2938704169-A5102992157,https://openalex.org/I201448701
W2946930197-A5019426968,https://openalex.org/I95457486
W2946930197-A5024723282,https://openalex.org/I1291425158
W2946930197-A5034257647,https://openalex.org/I1291425158
W2946930197-A5034257647,https://openalex.org/I95457486
W2946930197-A5064284582,https://openalex.org/I165932596
W2946930197-A5100353377,https://openalex.org/I95457486
W2948223045-A5051203366,https://openalex.org/I24603500
W2948223045-A5084241804,https://openalex.org/I24603500
W2948223045-A5107835063,https://openalex.org/I24603500
W2949028947-A5026789962,https://openalex.org/I136199984
W2949028947-A5062546146,https://openalex.org/I136199984
W2949028947-A5084459196,https://openalex.org/I1341412227
W2952230511-A5028780139,https://openalex.org/I102322142
W2952230511-A5076635608,https://openalex.org/I1291425158
W2952230511-A5090341705,https://openalex.org/I57206974
W2963383024-A5024481540,https://openalex.org/I95457486
W2963383024-A5027383005,https://openalex.org/I95457486
W2963383024-A5029105520,https://openalex.org/I95457486
W2963383024-A5037747070,https://openalex.org/I4210109712
W2963383024-A5037747070,https://openalex.org/I95457486
W2963383024-A5052878017,https://openalex.org/I4210143797
W2963383024-A5052878017,https://openalex.org/I95457486
W2963383024-A5084271210,https://openalex.org/I95457486
W2973727699-A5072436307,https://openalex.org/I1304085615
W2973727699-A5072436307,https://openalex.org/I4210127875
W2982399380-A5004412943,https://openalex.org/I2252078561
W2982399380-A5011974509,https://openalex.org/I2252078561
W2982399380-A5019081674,https://openalex.org/I2252078561
W2982399380-A5024311574,https://openalex.org/I201448701
W2982399380-A5067919401,https://openalex.org/I2252078561
W2982399380-A5075834790,https://openalex.org/I2252078561
W2982399380-A5091317839,https://openalex.org/I2252078561
W2982399380-A5103742478,https://openalex.org/I2252078561
W2983995706-A5009408707,https://openalex.org/I1174212
W2983995706-A5013041264,https://openalex.org/I1174212
W2983995706-A5079185258,https://openalex.org/I1174212
W2983995706-A5100707822,https://openalex.org/I183067930
W3008686018-A5021878400,https://openalex.org/I1291425158
W3008686018-A5023591414,https://openalex.org/I1291425158
W3008686018-A5045077843,https://openalex.org/I1291425158
W3015453090-A5001778694,https://openalex.org/I201448701
W3015453090-A5056105462,https://openalex.org/I201448701
W3015453090-A5066588555,https://openalex.org/I201448701
W3015453090-A5085011940,https://openalex.org/I201448701
W3015468748-A5064858748,https://openalex.org/I4210156221
W3015468748-A5090038537,https://openalex.org/I4210156221
W3015468748-A5101509445,https://openalex.org/I4210156221
W3034723486-A5023750515,https://openalex.org/I201448701
W3034723486-A5088112892,https://openalex.org/I91712215
W3036601975-A5083212922,https://openalex.org/I4210111288
W3036601975-A5083212922,https://openalex.org/I4210114444
W3037032032-A5051203366,https://openalex.org/I4210114444
W3037032032-A5084241804,https://openalex.org/I24603500
W3037032032-A5107835063,https://openalex.org/I24603500
W3039017601-A5007815326,https://openalex.org/I4210111288
W3039017601-A5007815326,https://openalex.org/I4210114444
W3039017601-A5069316249,https://openalex.org/I4210111288
W3039017601-A5069316249,https://openalex.org/I4210114444
W3042667808-A5014688346,https://openalex.org/I31512782
W3042667808-A5014866912,https://openalex.org/I184942183
W3042667808-A5024983536,https://openalex.org/I31512782
W3042667808-A5027450194,https://openalex.org/I31512782
W3042667808-A5037310413,https://openalex.org/I1291425158
W3042667808-A5077791956,https://openalex.org/I57206974
W3042667808-A5091175785,https://openalex.org/I109736498
W3085177480-A5071144367,https://openalex.org/I8204097
W3085177480-A5076269589,https://openalex.org/I8204097
W3088599783-A5015128745,https://openalex.org/I201448701
W3088599783-A5015128745,https://openalex.org/I4210156221
W3088599783-A5022328505,https://openalex.org/I201448701
W3088599783-A5022328505,https://openalex.org/I4210156221
W3088599783-A5075783850,https://openalex.org/I201448701
W3088599783-A5088517824,https://openalex.org/I201448701
W3088599783-A5102992157,https://openalex.org/I201448701
W3095319910-A5046574356,https://openalex.org/I40120149
W3095319910-A5046574356,https://openalex.org/I4210128584
W3095319910-A5074452768,https://openalex.org/I4210122524
W3098267758-A5003112970,https://openalex.org/I204250578
W3098267758-A5003112970,https://openalex.org/I95457486
W3098267758-A5005779128,https://openalex.org/I204250578
W3098267758-A5005779128,https://openalex.org/I95457486
W3098267758-A5006965739,https://openalex.org/I204250578
W3098267758-A5006965739,https://openalex.org/I95457486
W3098267758-A5103983469,https://openalex.org/I204250578
W3098267758-A5103983469,https://openalex.org/I95457486
W3098267758-A5110564361,https://openalex.org/I204250578
W3098267758-A5110564361,https://openalex.org/I95457486
W3122241445-A5013573244,https://openalex.org/I1290206253
W3122241445-A5016448581,https://openalex.org/I170897317
W3122241445-A5051745436,https://openalex.org/I1290206253
W3122241445-A5057693146,https://openalex.org/I1290206253
W3122241445-A5101959000,https://openalex.org/I4210114444
W3122241445-A5102797989,https://openalex.org/I170897317
W3130033937-A5023501811,https://openalex.org/I1291425158
W3130033937-A5075518871,https://openalex.org/I1291425158
W3130033937-A5089152779,https://openalex.org/I1291425158
W3130033937-A5100679058,https://openalex.org/I1291425158
W3130319171-A5023660419,https://openalex.org/I27837315
W3133702157-A5023750515,https://openalex.org/I201448701
W3133702157-A5063040968,https://openalex.org/I201448701
W3138815606-A5015105117,https://openalex.org/I186143895
W3138815606-A5016115576,https://openalex.org/I154130895
W3138815606-A5036357902,https://openalex.org/I39422238
W3138815606-A5064530863,https://openalex.org/I154130895
W3138815606-A5076120553,https://openalex.org/I99043593
W3138815606-A5088166627,https://openalex.org/I154130895
W3152956381-A5025234902,https://openalex.org/I1291425158
W3152956381-A5090701958,https://openalex.org/I1291425158
W3155807546-A5008230088,https://openalex.org/I4210114444
W3155807546-A5016956470,https://openalex.org/I4210114444
W3155807546-A5021523670,https://openalex.org/I4210114444
W3155807546-A5048651878,https://openalex.org/I4210114444
W3155807546-A5076635608,https://openalex.org/I4210114444
W3156470785-A5018864006,https://openalex.org/I45129253
W3156470785-A5026907508,https://openalex.org/I45129253
W3156470785-A5049427071,https://openalex.org/I45129253
W3156470785-A5101404695,https://openalex.org/I45129253
W3170647102-A5045080981,https://openalex.org/I1291425158
W3172335055-A5005898634,https://openalex.org/I97018004
W3172335055-A5025255782,https://openalex.org/I97018004
W3172335055-A5088410008,https://openalex.org/I97018004
W3172335055-A5091272738,https://openalex.org/I97018004
W3172335055-A5103198578,https://openalex.org/I97018004
W3174770825-A5025255782,https://openalex.org/I97018004
W3174770825-A5041701394,https://openalex.org/I97018004
W3176923149-A5051577117,https://openalex.org/I63772739
W3176923149-A5057260089,https://openalex.org/I63772739
W3176923149-A5089170562,https://openalex.org/I63772739
W3177813494-A5001482492,https://openalex.org/I4210161460
W3177813494-A5002922045,https://openalex.org/I4210161460
W3177813494-A5006446297,https://openalex.org/I4210161460
W3177813494-A5010674841,https://openalex.org/I4210161460
W3177813494-A5011569714,https://openalex.org/I4210161460
W3177813494-A5013248082,https://openalex.org/I4210161460
W3177813494-A5017223053,https://openalex.org/I4210161460
W3177813494-A5019471288,https://openalex.org/I4210161460
W3177813494-A5026541761,https://openalex.org/I4210161460
W3177813494-A5026829243,https://openalex.org/I4210161460
W3177813494-A5028772381,https://openalex.org/I4210161460
W3177813494-A5030875603,https://openalex.org/I4210161460
W3177813494-A5030935953,https://openalex.org/I4210161460
W3177813494-A5031013142,https://openalex.org/I4210161460
W3177813494-A5031279787,https://openalex.org/I4210161460
W3177813494-A5031789995,https://openalex.org/I4210161460
W3177813494-A5032275803,https://openalex.org/I4210161460
W3177813494-A5037117755,https://openalex.org/I4210161460
W3177813494-A5038101556,https://openalex.org/I4210161460
W3177813494-A5040311065,https://openalex.org/I4210161460
W3177813494-A5041667198,https://openalex.org/I4210161460
W3177813494-A5042208401,https://openalex.org/I4210161460
W3177813494-A5043772703,https://openalex.org/I4210161460
W3177813494-A5044086066,https://openalex.org/I4210161460
W3177813494-A5044791875,https://openalex.org/I4210161460
W3177813494-A5051250767,https://openalex.org/I4210161460
W3177813494-A5053213601,https://openalex.org/I32232075
W3177813494-A5054887773,https://openalex.org/I32232075
W3177813494-A5055399590,https://openalex.org/I4210161460
W3177813494-A5058076181,https://openalex.org/I4210161460
W3177813494-A5059260582,https://openalex.org/I4210161460
W3177813494-A5062927867,https://openalex.org/I4210161460
W3177813494-A5063374092,https://openalex.org/I32232075
W3177813494-A5064685592,https://openalex.org/I4210161460
W3177813494-A5065253486,https://openalex.org/I4210161460
W3177813494-A5065686484,https://openalex.org/I4210161460
W3177813494-A5065707162,https://openalex.org/I4210161460
W3177813494-A5066197394,https://openalex.org/I32232075
W3177813494-A5066559387,https://openalex.org/I4210161460
W3177813494-A5070026510,https://openalex.org/I4210161460
W3177813494-A5070966194,https://openalex.org/I4210161460
W3177813494-A5076651586,https://openalex.org/I4210161460
W3177813494-A5080211309,https://openalex.org/I4210161460
W3177813494-A5080941449,https://openalex.org/I4210161460
W3177813494-A5081028846,https://openalex.org/I4210161460
W3177813494-A5082224513,https://openalex.org/I4210161460
W3177813494-A5085244021,https://openalex.org/I4210161460
W3177813494-A5087045209,https://openalex.org/I4210161460
W3177813494-A5089232745,https://openalex.org/I4210161460
W3177813494-A5089646974,https://openalex.org/I4210161460
W3177813494-A5090592321,https://openalex.org/I4210161460
W3177813494-A5091250983,https://openalex.org/I4210161460
W3177813494-A5110883303,https://openalex.org/I4210161460
W3184144760-A5005779176,https://openalex.org/I97018004
W3184144760-A5074759785,https://openalex.org/I98251732
W3184144760-A5080552239,https://openalex.org/I97018004
W3185341429-A5043295774,https://openalex.org/I74973139
W3185341429-A5055933325,https://openalex.org/I74973139
W3185341429-A5068811427,https://openalex.org/I74973139
W3185341429-A5100354997,https://openalex.org/I74973139
W3185341429-A5101850869,https://openalex.org/I74973139
W3185341429-A5103097172,https://openalex.org/I165932596
W3187255235-A5005554337,https://openalex.org/I97018004
W3187255235-A5010396318,https://openalex.org/I1304085615
W3187255235-A5010396318,https://openalex.org/I4210127875
W3187255235-A5011102459,https://openalex.org/I1290206253
W3187255235-A5011548998,https://openalex.org/I1304085615
W3187255235-A5011548998,https://openalex.org/I4210127875
W3187255235-A5031170568,https://openalex.org/I1304085615
W3187255235-A5031170568,https://openalex.org/I4210127875
W3187255235-A5066242985,https://openalex.org/I1304085615
W3187255235-A5066242985,https://openalex.org/I4210127875
W3187255235-A5067437615,https://openalex.org/I1304085615
W3187255235-A5067437615,https://openalex.org/I4210127875
W3187255235-A5068437386,https://openalex.org/I1304085615
W3187255235-A5068437386,https://openalex.org/I4210127875
W3187255235-A5072436307,https://openalex.org/I1304085615
W3187255235-A5072436307,https://openalex.org/I4210127875
W3187255235-A5078833726,https://openalex.org/I1304085615
W3187255235-A5078833726,https://openalex.org/I4210127875
W3187255235-A5085834120,https://openalex.org/I1304085615
W3187255235-A5085834120,https://openalex.org/I4210127875
W3198685994-A5005443526,https://openalex.org/I172675005
W3198685994-A5074834854,https://openalex.org/I4210155268
W3198685994-A5100372089,https://openalex.org/I4210155268
W3198685994-A5101486818,https://openalex.org/I172675005
W3203321135-A5004225142,https://openalex.org/I201448701
W3203321135-A5015483503,https://openalex.org/I1291425158
W3203321135-A5065663195,https://openalex.org/I1291425158
W3205068155-A5005561269,https://openalex.org/I4210126328
W3205068155-A5011117177,https://openalex.org/I27804330
W3205068155-A5024882131,https://openalex.org/I861853513
W3205068155-A5029793899,https://openalex.org/I27804330
W3205068155-A5035573146,https://openalex.org/I27804330
W3205068155-A5045077843,https://openalex.org/I4387154989
W3205068155-A5046548985,https://openalex.org/I74796645
W3205068155-A5048796501,https://openalex.org/I4387154989
W3205068155-A5048796501,https://openalex.org/I4405261730
W3205068155-A5049805631,https://openalex.org/I4387154989
W3205068155-A5050266007,https://openalex.org/I4210149760
W3205068155-A5056219662,https://openalex.org/I27804330
W3205068155-A5057062066,https://openalex.org/I1322124587
W3205068155-A5062546146,https://openalex.org/I4387154989
W3205068155-A5070647299,https://openalex.org/I4210132444
W3205068155-A5073058818,https://openalex.org/I3005327000
W3205068155-A5076733732,https://openalex.org/I27804330
W3205068155-A5082096652,https://openalex.org/I134085113
W3205068155-A5084957527,https://openalex.org/I4387154989
W3205068155-A5090399761,https://openalex.org/I2802519937
W3205068155-A5100452654,https://openalex.org/I57206974
W3205068155-A5100784818,https://openalex.org/I95457486
W3205068155-A5101954854,https://openalex.org/I865915315
W3205068155-A5102941860,https://openalex.org/I36258959
W3205068155-A5102941860,https://openalex.org/I4387154989
W3205068155-A5103139732,https://openalex.org/I51556381
W3205068155-A5106388659,https://openalex.org/I97018004
W3205068155-A5112330765,https://openalex.org/I3020783763
W4211263275-A5032890999,https://openalex.org/I154130895
W4211263275-A5054692443,https://openalex.org/I100930933
W4211263275-A5061895558,https://openalex.org/I154130895
W4211263275-A5065053503,https://openalex.org/I60205797
W4211263275-A5077537139,https://openalex.org/I154130895
W4221143046-A5010575626,https://openalex.org/I1291425158
W4221143046-A5061512999,https://openalex.org/I1291425158
W4221143046-A5074322007,https://openalex.org/I1291425158
W4224308101-A5001087250,https://openalex.org/I1291425158
W4224308101-A5005308581,https://openalex.org/I1291425158
W4224308101-A5011889606,https://openalex.org/I1291425158
W4224308101-A5012652561,https://openalex.org/I1291425158
W4224308101-A5012998255,https://openalex.org/I1291425158
W4224308101-A5014400463,https://openalex.org/I1291425158
W4224308101-A5016302450,https://openalex.org/I1291425158
W4224308101-A5019210292,https://openalex.org/I1291425158
W4224308101-A5019297976,https://openalex.org/I1291425158
W4224308101-A5019880413,https://openalex.org/I1291425158
W4224308101-A5021334672,https://openalex.org/I1291425158
W4224308101-A5021878400,https://openalex.org/I1291425158
W4224308101-A5022994077,https://openalex.org/I1291425158
W4224308101-A5023470556,https://openalex.org/I1291425158
W4224308101-A5024842018,https://openalex.org/I1291425158
W4224308101-A5026064427,https://openalex.org/I1291425158
W4224308101-A5026789962,https://openalex.org/I1291425158
W4224308101-A5027632940,https://openalex.org/I1291425158
W4224308101-A5028501178,https://openalex.org/I1291425158
W4224308101-A5029678131,https://openalex.org/I1291425158
W4224308101-A5030875603,https://openalex.org/I1291425158
W4224308101-A5033596864,https://openalex.org/I1291425158
W4224308101-A5035174955,https://openalex.org/I1291425158
W4224308101-A5035914396,https://openalex.org/I1291425158
W4224308101-A5050218314,https://openalex.org/I1291425158
W4224308101-A5052454696,https://openalex.org/I1291425158
W4224308101-A5055592482,https://openalex.org/I1291425158
W4224308101-A5055969617,https://openalex.org/I1291425158
W4224308101-A5057457287,https://openalex.org/I1291425158
W4224308101-A5057834767,https://openalex.org/I1291425158
W4224308101-A5059267294,https://openalex.org/I1291425158
W4224308101-A5061512999,https://openalex.org/I1291425158
W4224308101-A5062886906,https://openalex.org/I1291425158
W4224308101-A5065754485,https://openalex.org/I1291425158
W4224308101-A5066539391,https://openalex.org/I1291425158
W4224308101-A5067187716,https://openalex.org/I1291425158
W4224308101-A5069544528,https://openalex.org/I1291425158
W4224308101-A5069649243,https://openalex.org/I1291425158
W4224308101-A5070268107,https://openalex.org/I1291425158
W4224308101-A5074322007,https://openalex.org/I1291425158
W4224308101-A5079540764,https://openalex.org/I1291425158
W4224308101-A5084104975,https://openalex.org/I1291425158
W4224308101-A5084512458,https://openalex.org/I1291425158
W4224308101-A5085443636,https://openalex.org/I1291425158
W4224308101-A5087591662,https://openalex.org/I1291425158
W4224308101-A5090145147,https://openalex.org/I1291425158
W4224308101-A5090477236,https://openalex.org/I1291425158
W4224308101-A5100721790,https://openalex.org/I1291425158
W4224308101-A5101561897,https://openalex.org/I1291425158
W4224308101-A5101597225,https://openalex.org/I1291425158
W4224308101-A5103069680,https://openalex.org/I1291425158
W4224308101-A5110193634,https://openalex.org/I1291425158
W4225108562-A5045866597,https://openalex.org/I136199984
W4225108562-A5057172764,https://openalex.org/I136199984
W4225108562-A5100437453,https://openalex.org/I219193219
W4225747866-A5018609918,https://openalex.org/I124055696
W4225747866-A5047506888,https://openalex.org/I205783295
W4225747866-A5047506888,https://openalex.org/I4210114444
W4225747866-A5051905272,https://openalex.org/I4210114444
W4225747866-A5070511738,https://openalex.org/I205783295
W4225747866-A5070852339,https://openalex.org/I205783295
W4226278401-A5007570707,https://openalex.org/I4210088273
W4226278401-A5007861777,https://openalex.org/I4210088273
W4226278401-A5010674841,https://openalex.org/I4210088273
W4226278401-A5011207305,https://openalex.org/I4210088273
W4226278401-A5011719782,https://openalex.org/I4210088273
W4226278401-A5022076965,https://openalex.org/I4210088273
W4226278401-A5022205442,https://openalex.org/I4210088273
W4226278401-A5028772381,https://openalex.org/I4210088273
W4226278401-A5030305998,https://openalex.org/I4210088273
W4226278401-A5057289323,https://openalex.org/I4210088273
W4226278401-A5068949174,https://openalex.org/I4210088273
W4226278401-A5090592321,https://openalex.org/I4210088273
W4226278401-A5100393899,https://openalex.org/I4210088273
W4226278401-A5102168278,https://openalex.org/I4210088273
W4226278401-A5103934038,https://openalex.org/I4210088273
W4226278401-A5104285560,https://openalex.org/I4210088273
W4281557260-A5063925941,https://openalex.org/I74801974
W4281557260-A5073571802,https://openalex.org/I1291425158
W4281557260-A5074059447,https://openalex.org/I74801974
W4281557260-A5103525627,https://openalex.org/I74801974
W4281763794-A5009679905,https://openalex.org/I74973139
W4281763794-A5038743835,https://openalex.org/I74973139
W4281763794-A5068811427,https://openalex.org/I74973139
W4281763794-A5107243336,https://openalex.org/I74973139
W4283026156-A5000115067,https://openalex.org/I1291425158
W4283026156-A5003562101,https://openalex.org/I4210090411
W4283026156-A5004353092,https://openalex.org/I1291425158
W4283026156-A5011889606,https://openalex.org/I1291425158
W4283026156-A5015518638,https://openalex.org/I1333535994
W4283026156-A5025255782,https://openalex.org/I1333535994
W4283026156-A5026064427,https://openalex.org/I1291425158
W4283026156-A5059460567,https://openalex.org/I4210090411
W4283026156-A5060347694,https://openalex.org/I4210090411
W4283026156-A5061512999,https://openalex.org/I1291425158
W4283026156-A5069576651,https://openalex.org/I1333535994
W4283026156-A5074322007,https://openalex.org/I1291425158
W4283026156-A5103069680,https://openalex.org/I1291425158
W4283170666-A5005117726,https://openalex.org/I4210090411
W4283170666-A5007213257,https://openalex.org/I4210090411
W4283170666-A5012939002,https://openalex.org/I122411786
W4283170666-A5012939002,https://openalex.org/I4210090411
W4283170666-A5020758501,https://openalex.org/I4210090411
W4283170666-A5029611587,https://openalex.org/I4210090411
W4283170666-A5032814084,https://openalex.org/I4210090411
W4283170666-A5038758207,https://openalex.org/I100930933
W4283170666-A5038758207,https://openalex.org/I4210090411
W4283170666-A5041858762,https://openalex.org/I4210090411
W4283170666-A5043068612,https://openalex.org/I4210090411
W4283170666-A5046305893,https://openalex.org/I4210090411
W4283170666-A5047979305,https://openalex.org/I185261750
W4283170666-A5047979305,https://openalex.org/I4210090411
W4283170666-A5048091074,https://openalex.org/I4210090411
W4283170666-A5048272174,https://openalex.org/I4210090411
W4283170666-A5056575786,https://openalex.org/I4210090411
W4283170666-A5059226057,https://openalex.org/I4210090411
W4283170666-A5059804251,https://openalex.org/I4210090411
W4283170666-A5065666918,https://openalex.org/I4210090411
W4283170666-A5067401687,https://openalex.org/I4210090411
W4283170666-A5076474156,https://openalex.org/I4210090411
W4283170666-A5080160770,https://openalex.org/I4210090411
W4283170666-A5085679401,https://openalex.org/I4210090411
W4283170666-A5103131863,https://openalex.org/I4210090411
W4283705032-A5032890999,https://openalex.org/I154130895
W4283705032-A5041367899,https://openalex.org/I9927081
W4283705032-A5064114707,https://openalex.org/I9927081
W4283705032-A5076828114,https://openalex.org/I9927081
W4298289240-A5004271128,https://openalex.org/I4210161954
W4298289240-A5004271128,https://openalex.org/I70931966
W4298289240-A5013723114,https://openalex.org/I4210161954
W4298289240-A5013723114,https://openalex.org/I70931966
W4298289240-A5049332971,https://openalex.org/I45683168
W4298289240-A5085746798,https://openalex.org/I4210161954
W4298289240-A5085746798,https://openalex.org/I70931966
W4298289240-A5086198262,https://openalex.org/I4210161954
W4298289240-A5086198262,https://openalex.org/I70931966
W4298289240-A5101973034,https://openalex.org/I4210161954
W4298289240-A5101973034,https://openalex.org/I70931966
W4298289240-A5112608251,https://openalex.org/I4210161954
W4298289240-A5112608251,https://openalex.org/I64295750
W4298289240-A5112608251,https://openalex.org/I68891433
W4298289240-A5112608251,https://openalex.org/I70931966
W4304195432-A5025205227,https://openalex.org/I20089843
W4304195432-A5025419994,https://openalex.org/I1291425158
W4304195432-A5080095155,https://openalex.org/I1291425158
W4304195432-A5100400922,https://openalex.org/I1291425158
W4304195432-A5100721790,https://openalex.org/I1291425158
W4304195432-A5113226487,https://openalex.org/I1291425158
W4307888124-A5033299848,https://openalex.org/I45129253
W4307888124-A5064812943,https://openalex.org/I4210117544
W4309674289-A5010121592,https://openalex.org/I200769079
W4309674289-A5010444468,https://openalex.org/I200769079
W4309674289-A5038748527,https://openalex.org/I200769079
W4309674289-A5040690315,https://openalex.org/I200769079
W4309674289-A5061096363,https://openalex.org/I200769079
W4309674289-A5065856469,https://openalex.org/I200769079
W4309674289-A5081246075,https://openalex.org/I200769079
W4309674289-A5100445668,https://openalex.org/I200769079
W4309674289-A5101839369,https://openalex.org/I200769079
W4311642023-A5030615769,https://openalex.org/I277688954
W4311642023-A5030615769,https://openalex.org/I4387152856
W4311642023-A5046431394,https://openalex.org/I4405261730
W4311642023-A5077663332,https://openalex.org/I4405261730
W4312220150-A5001562064,https://openalex.org/I4210127875
W4312220150-A5004483523,https://openalex.org/I33213144
W4312220150-A5004483523,https://openalex.org/I4390039331
W4312220150-A5009065821,https://openalex.org/I4210127875
W4312220150-A5010253402,https://openalex.org/I2800717037
W4312220150-A5010253402,https://openalex.org/I33213144
W4312220150-A5010253402,https://openalex.org/I4390039331
W4312220150-A5017766297,https://openalex.org/I33213144
W4312220150-A5026803588,https://openalex.org/I33213144
W4312220150-A5030951014,https://openalex.org/I33213144
W4312220150-A5030951014,https://openalex.org/I4390039331
W4312220150-A5031887767,https://openalex.org/I4210127875
W4312220150-A5039309602,https://openalex.org/I2800717037
W4312220150-A5039309602,https://openalex.org/I33213144
W4312220150-A5045150730,https://openalex.org/I33213144
W4312220150-A5054618681,https://openalex.org/I4210127875
W4312220150-A5068151024,https://openalex.org/I4210127875
W4312220150-A5076610873,https://openalex.org/I33213144
W4312220150-A5087959258,https://openalex.org/I2800717037
W4312220150-A5087959258,https://openalex.org/I33213144
W4312220150-A5089553213,https://openalex.org/I4210127875
W4312220150-A5100643464,https://openalex.org/I33213144
W4312220150-A5103133745,https://openalex.org/I33213144
W4312220150-A5103133745,https://openalex.org/I4390039331
W4312220150-A5104053092,https://openalex.org/I4210127875
W4312220150-A5112748839,https://openalex.org/I4210127875
W4313485929-A5001662671,https://openalex.org/I1341412227
W4313485929-A5021326990,https://openalex.org/I1341412227
W4313485929-A5026328731,https://openalex.org/I1341412227
W4313485929-A5058823844,https://openalex.org/I1341412227
W4313485929-A5064335115,https://openalex.org/I1341412227
W4313485929-A5064636177,https://openalex.org/I1341412227
W4318014888-A5010285399,https://openalex.org/I117222138
W4318014888-A5010285399,https://openalex.org/I181727666
W4318014888-A5010285399,https://openalex.org/I205274468
W4318014888-A5010285399,https://openalex.org/I59649739
W4318014888-A5061791230,https://openalex.org/I42934936
W4318718936-A5042646536,https://openalex.org/I4210155268
W4318718936-A5074834854,https://openalex.org/I4210155268
W4318718936-A5100386792,https://openalex.org/I4210155268
W4318718936-A5100608759,https://openalex.org/I4210155268
W4319831789-A5019737566,https://openalex.org/I887968799
W4319831789-A5047249173,https://openalex.org/I145872427
W4319831789-A5047249173,https://openalex.org/I887968799
W4319831789-A5062193230,https://openalex.org/I887968799
W4320495408-A5017599308,https://openalex.org/I123534392
W4320495408-A5067164243,https://openalex.org/I93131583
W4321649710-A5002878202,https://openalex.org/I200719446
W4321649710-A5023026501,https://openalex.org/I200719446
W4321649710-A5036342710,https://openalex.org/I200719446
W4321649710-A5042041372,https://openalex.org/I200719446
W4321649710-A5042751684,https://openalex.org/I200719446
W4321649710-A5059241576,https://openalex.org/I200719446
W4321649710-A5077880708,https://openalex.org/I200719446
W4321649710-A5082548649,https://openalex.org/I200719446
W4322766882-A5003324011,https://openalex.org/I99065089
W4322766882-A5010557815,https://openalex.org/I4210100255
W4322766882-A5010557815,https://openalex.org/I99065089
W4322766882-A5017575883,https://openalex.org/I4210100255
W4322766882-A5017575883,https://openalex.org/I99065089
W4322766882-A5022672030,https://openalex.org/I4405263052
W4322766882-A5022672030,https://openalex.org/I99065089
W4322766882-A5025388406,https://openalex.org/I4210100255
W4322766882-A5025388406,https://openalex.org/I99065089
W4322766882-A5035433961,https://openalex.org/I4210100255
W4322766882-A5035433961,https://openalex.org/I99065089
W4322766882-A5042856545,https://openalex.org/I99065089
W4322766882-A5044330945,https://openalex.org/I99065089
W4322766882-A5044791875,https://openalex.org/I4210100255
W4322766882-A5044791875,https://openalex.org/I99065089
W4322766882-A5046448314,https://openalex.org/I4210100255
W4322766882-A5046448314,https://openalex.org/I99065089
W4322766882-A5049088062,https://openalex.org/I99065089
W4322766882-A5059211235,https://openalex.org/I99065089
W4322766882-A5100320723,https://openalex.org/I4210100255
W4322766882-A5100320723,https://openalex.org/I99065089
W4322766882-A5100355692,https://openalex.org/I99065089
W4322766882-A5100398894,https://openalex.org/I4405263052
W4322766882-A5100398894,https://openalex.org/I99065089
W4322766882-A5100641283,https://openalex.org/I99065089
W4322766882-A5100660086,https://openalex.org/I4210100255
W4322766882-A5100660086,https://openalex.org/I99065089
W4322766882-A5100775958,https://openalex.org/I99065089
W4322766882-A5101474800,https://openalex.org/I4210100255
W4322766882-A5101474800,https://openalex.org/I99065089
W4322766882-A5102894085,https://openalex.org/I4210100255
W4322766882-A5102894085,https://openalex.org/I99065089
W4362466759-A5027985796,https://openalex.org/I141596103
W4362466759-A5027985796,https://openalex.org/I2800794739
W4362466759-A5027985796,https://openalex.org/I60858718
W4362466759-A5081011219,https://openalex.org/I4210108054
W4362466759-A5081011219,https://openalex.org/I4405262426
W4362515116-A5001058167,https://openalex.org/I78988378
W4362515116-A5008293262,https://openalex.org/I78988378
W4362515116-A5018977183,https://openalex.org/I70931966
W4362515116-A5025631695,https://openalex.org/I78988378
W4362515116-A5030566556,https://openalex.org/I78988378
W4362515116-A5037145565,https://openalex.org/I78988378
W4362515116-A5052347581,https://openalex.org/I78988378
W4362515116-A5059541770,https://openalex.org/I78988378
W4362515116-A5069058824,https://openalex.org/I78988378
W4362515116-A5074848230,https://openalex.org/I78988378
W4362515116-A5100325084,https://openalex.org/I78988378
W4362515116-A5100343044,https://openalex.org/I78988378
W4362515116-A5100363220,https://openalex.org/I78988378
W4362515116-A5100367735,https://openalex.org/I78988378
W4362515116-A5100427047,https://openalex.org/I78988378
W4362515116-A5100716216,https://openalex.org/I78988378
W4362515116-A5101849100,https://openalex.org/I78988378
W4362515116-A5102019389,https://openalex.org/I78988378
W4362581834-A5019599571,https://openalex.org/I15059493
W4362581834-A5038119518,https://openalex.org/I128277893
W4362581834-A5044705068,https://openalex.org/I44925452
W4365143687-A5001094226,https://openalex.org/I136199984
W4365143687-A5036846358,https://openalex.org/I185261750
W4365143687-A5057010395,https://openalex.org/I136199984
W4365143687-A5084515381,https://openalex.org/I123431417
W4365143687-A5088028306,https://openalex.org/I1323778983
W4365143687-A5088028306,https://openalex.org/I32971472
W4365143687-A5091272738,https://openalex.org/I97018004
W4366208220-A5000623592,https://openalex.org/I1326498283
W4366208220-A5000623592,https://openalex.org/I277688954
W4366208220-A5006611401,https://openalex.org/I1326498283
W4366208220-A5006611401,https://openalex.org/I277688954
W4366208220-A5015609539,https://openalex.org/I1326498283
W4366208220-A5015609539,https://openalex.org/I277688954
W4366208220-A5015776030,https://openalex.org/I1326498283
W4366208220-A5015776030,https://openalex.org/I277688954
W4366208220-A5017248470,https://openalex.org/I1326498283
W4366208220-A5017248470,https://openalex.org/I277688954
W4366208220-A5022540761,https://openalex.org/I1326498283
W4366208220-A5022540761,https://openalex.org/I277688954
W4366208220-A5029566548,https://openalex.org/I1326498283
W4366208220-A5029566548,https://openalex.org/I277688954
W4366208220-A5032569443,https://openalex.org/I1326498283
W4366208220-A5032569443,https://openalex.org/I277688954
W4366208220-A5033265682,https://openalex.org/I1326498283
W4366208220-A5033265682,https://openalex.org/I277688954
W4366208220-A5035420035,https://openalex.org/I1326498283
W4366208220-A5035420035,https://openalex.org/I277688954
W4366208220-A5041907084,https://openalex.org/I1326498283
W4366208220-A5041907084,https://openalex.org/I277688954
W4366208220-A5057065873,https://openalex.org/I1326498283
W4366208220-A5057065873,https://openalex.org/I277688954
W4366208220-A5060502801,https://openalex.org/I1326498283
W4366208220-A5060502801,https://openalex.org/I277688954
W4366208220-A5062817741,https://openalex.org/I1326498283
W4366208220-A5063149046,https://openalex.org/I1326498283
W4366208220-A5063149046,https://openalex.org/I277688954
W4366208220-A5063864170,https://openalex.org/I1326498283
W4366208220-A5063864170,https://openalex.org/I277688954
W4366208220-A5067188801,https://openalex.org/I1326498283
W4366208220-A5067188801,https://openalex.org/I277688954
W4366208220-A5072207220,https://openalex.org/I1326498283
W4366208220-A5072207220,https://openalex.org/I277688954
W4366208220-A5076163068,https://openalex.org/I1326498283
W4366208220-A5076163068,https://openalex.org/I277688954
W4366208220-A5083505661,https://openalex.org/I1326498283
W4366208220-A5083505661,https://openalex.org/I277688954
W4366208220-A5088495817,https://openalex.org/I1326498283
W4366208220-A5088495817,https://openalex.org/I277688954
W4366208220-A5089819604,https://openalex.org/I1326498283
W4366208220-A5089819604,https://openalex.org/I277688954
W4366208220-A5101882561,https://openalex.org/I1326498283
W4366208220-A5101882561,https://openalex.org/I277688954
W4366208220-A5102320649,https://openalex.org/I1326498283
W4366208220-A5102320649,https://openalex.org/I277688954
W4366208220-A5107859338,https://openalex.org/I1326498283
W4366208220-A5107859338,https://openalex.org/I277688954
W4366208220-A5111802678,https://openalex.org/I1326498283
W4366208220-A5111802678,https://openalex.org/I277688954
W4366330503-A5100366476,https://openalex.org/I135310074
W4366330503-A5100448802,https://openalex.org/I135310074
W4366330503-A5101918380,https://openalex.org/I78577930
W4366330503-A5107893340,https://openalex.org/I1290206253
W4367055910-A5022225777,https://openalex.org/I97018004
W4367055910-A5038969629,https://openalex.org/I4210137306
W4367055910-A5038969629,https://openalex.org/I97018004
W4367055910-A5060928641,https://openalex.org/I97018004
W4367055910-A5064829377,https://openalex.org/I4210137306
W4367055910-A5064829377,https://openalex.org/I4405269264
W4367055910-A5064829377,https://openalex.org/I97018004
W4367055910-A5081511803,https://openalex.org/I4210137306
W4367055910-A5081511803,https://openalex.org/I97018004
W4367055910-A5101931548,https://openalex.org/I97018004
W4367595583-A5023777406,https://openalex.org/I24943067
W4367595583-A5028570509,https://openalex.org/I143593769
W4367595583-A5028570509,https://openalex.org/I4405270671
W4367595583-A5043842349,https://openalex.org/I19820366
W4367595583-A5043842349,https://openalex.org/I4210112150
W4367595583-A5043842349,https://openalex.org/I4210165038
W4367595583-A5058271339,https://openalex.org/I143593769
W4367595583-A5058271339,https://openalex.org/I4405270671
W4367595583-A5083874423,https://openalex.org/I57093077
W4367595583-A5100389900,https://openalex.org/I19820366
W4367595583-A5100389900,https://openalex.org/I4210112150
W4367595583-A5100389900,https://openalex.org/I4210165038
W4367595583-A5100746224,https://openalex.org/I143593769
W4367678106-A5004387910,https://openalex.org/I112728665
W4367678106-A5061948392,https://openalex.org/I4210119109
W4367678106-A5061948392,https://openalex.org/I592451
W4376226279-A5028643592,https://openalex.org/I28290843
W4376226279-A5040302008,https://openalex.org/I40120149
W4376226279-A5101929475,https://openalex.org/I99065089
W4377130677-A5025205227,https://openalex.org/I20089843
W4377130677-A5034251656,https://openalex.org/I20089843
W4377130677-A5100400922,https://openalex.org/I20089843
W4378189609-A5025255782,https://openalex.org/I97018004
W4378189609-A5069576651,https://openalex.org/I97018004
W4378189609-A5070994105,https://openalex.org/I97018004
W4379598302-A5077815035,https://openalex.org/I4405280640
W4379769651-A5012090900,https://openalex.org/I4210086933
W4379769651-A5013238957,https://openalex.org/I4210086933
W4379769651-A5015581915,https://openalex.org/I4210086933
W4379769651-A5015581915,https://openalex.org/I57206974
W4379769651-A5016963158,https://openalex.org/I4210086933
W4379769651-A5016963158,https://openalex.org/I57206974
W4379769651-A5020032572,https://openalex.org/I4210086933
W4379769651-A5021403340,https://openalex.org/I4210086933
W4379769651-A5021403340,https://openalex.org/I57206974
W4379769651-A5022256468,https://openalex.org/I4210127875
W4379769651-A5025965777,https://openalex.org/I4210086933
W4379769651-A5031887767,https://openalex.org/I4210127875
W4379769651-A5037235279,https://openalex.org/I4210086933
W4379769651-A5048190601,https://openalex.org/I4210086933
W4379769651-A5048263485,https://openalex.org/I4210086933
W4379769651-A5048580400,https://openalex.org/I4210086933
W4379769651-A5052178834,https://openalex.org/I4210086933
W4379769651-A5052178834,https://openalex.org/I57206974
W4379769651-A5056646847,https://openalex.org/I4210086933
W4379769651-A5060570681,https://openalex.org/I4210086933
W4379769651-A5060570681,https://openalex.org/I57206974
W4379769651-A5062226271,https://openalex.org/I4210086933
W4379769651-A5068151024,https://openalex.org/I4210127875
W4379769651-A5070207769,https://openalex.org/I4210086933
W4379769651-A5077057828,https://openalex.org/I4210086933
W4379769651-A5084414561,https://openalex.org/I4210086933
W4379769651-A5085004466,https://openalex.org/I4210086933
W4379769651-A5085004466,https://openalex.org/I57206974
W4379769651-A5087660055,https://openalex.org/I4210086933
W4379769651-A5091175785,https://openalex.org/I109736498
W4379769651-A5091175785,https://openalex.org/I183934855
W4379769651-A5091175785,https://openalex.org/I36672615
W4379769651-A5091175785,https://openalex.org/I57206974
W4379769651-A5100334977,https://openalex.org/I4210086933
W4379769651-A5103412589,https://openalex.org/I4210086933
W4379769651-A5103412589,https://openalex.org/I57206974
W4379769651-A5114136395,https://openalex.org/I4210127875
W4380353763-A5009362721,https://openalex.org/I95457486
W4380353763-A5009640963,https://openalex.org/I95457486
W4380353763-A5041920173,https://openalex.org/I95457486
W4380353763-A5058825905,https://openalex.org/I97018004
W4380353763-A5072427753,https://openalex.org/I95457486
W4380353763-A5076407338,https://openalex.org/I74973139
W4380353763-A5082308834,https://openalex.org/I95457486
W4380353763-A5083595182,https://openalex.org/I95457486
W4380353763-A5103777591,https://openalex.org/I36258959
W4380874786-A5009578714,https://openalex.org/I1291425158
W4380874786-A5010571977,https://openalex.org/I1291425158
W4380874786-A5016524466,https://openalex.org/I1291425158
W4380874786-A5035427716,https://openalex.org/I1291425158
W4380874786-A5037285672,https://openalex.org/I1291425158
W4380874786-A5050207942,https://openalex.org/I1291425158
W4380874786-A5074688105,https://openalex.org/I1291425158
W4380874786-A5077202069,https://openalex.org/I1291425158
W4380874786-A5077202069,https://openalex.org/I95457486
W4380874786-A5084104975,https://openalex.org/I1291425158
W4380874786-A5085787384,https://openalex.org/I1291425158
W4380874786-A5100765709,https://openalex.org/I1291425158
W4380874786-A5102871836,https://openalex.org/I1291425158
W4380874786-A5103255393,https://openalex.org/I1291425158
W4381252028-A5011821424,https://openalex.org/I200284239
W4381252028-A5011821424,https://openalex.org/I4388446376
W4381252028-A5027836854,https://openalex.org/I200284239
W4381252028-A5027836854,https://openalex.org/I4388446376
W4381252028-A5033369981,https://openalex.org/I200284239
W4381252028-A5033369981,https://openalex.org/I4388446376
W4381252028-A5035894342,https://openalex.org/I200284239
W4381252028-A5035894342,https://openalex.org/I4388446376
W4381252028-A5039209143,https://openalex.org/I200284239
W4381252028-A5039209143,https://openalex.org/I4388446376
W4381252028-A5064618853,https://openalex.org/I200284239
W4381252028-A5080313896,https://openalex.org/I200284239
W4381252028-A5080313896,https://openalex.org/I4388446376
W4381511236-A5023494325,https://openalex.org/I3970730
W4381511236-A5056701630,https://openalex.org/I3970730
W4381511236-A5058462199,https://openalex.org/I3970730
W4381511236-A5092224445,https://openalex.org/I3970730
W4381511236-A5112942464,https://openalex.org/I3970730
W4382246105-A5023802054,https://openalex.org/I79576946
W4382246105-A5025171334,https://openalex.org/I169108374
W4382246105-A5026113034,https://openalex.org/I181233156
W4382246105-A5026220115,https://openalex.org/I79576946
W4382246105-A5027729448,https://openalex.org/I181233156
W4382246105-A5047151336,https://openalex.org/I169108374
W4382246105-A5060769750,https://openalex.org/I1311688040
W4382246105-A5084743219,https://openalex.org/I136199984
W4383108457-A5017734452,https://openalex.org/I1174212
W4383108457-A5018789011,https://openalex.org/I1304085615
W4383108457-A5018789011,https://openalex.org/I4210127875
W4383108457-A5021728625,https://openalex.org/I1304085615
W4383108457-A5021728625,https://openalex.org/I4210127875
W4383108457-A5028588421,https://openalex.org/I1304085615
W4383108457-A5028588421,https://openalex.org/I4210127875
W4383108457-A5028834865,https://openalex.org/I1304085615
W4383108457-A5028834865,https://openalex.org/I4210127875
W4383108457-A5061193324,https://openalex.org/I1304085615
W4383108457-A5061193324,https://openalex.org/I4210127875
W4383108457-A5062182459,https://openalex.org/I1304085615
W4383108457-A5062182459,https://openalex.org/I4210127875
W4383108457-A5108062941,https://openalex.org/I1174212
W4383108457-A5108257764,https://openalex.org/I1304085615
W4383108457-A5108257764,https://openalex.org/I4210127875
W4384071683-A5003509342,https://openalex.org/I1291425158
W4384071683-A5007588003,https://openalex.org/I1291425158
W4384071683-A5010171106,https://openalex.org/I1291425158
W4384071683-A5014637990,https://openalex.org/I1291425158
W4384071683-A5021812637,https://openalex.org/I1291425158
W4384071683-A5022388476,https://openalex.org/I1291425158
W4384071683-A5026540467,https://openalex.org/I1291425158
W4384071683-A5027454515,https://openalex.org/I1291425158
W4384071683-A5043862316,https://openalex.org/I1291425158
W4384071683-A5044698998,https://openalex.org/I1291425158
W4384071683-A5046764593,https://openalex.org/I2800548410
W4384071683-A5047463591,https://openalex.org/I1291425158
W4384071683-A5051828575,https://openalex.org/I1291425158
W4384071683-A5055969617,https://openalex.org/I1291425158
W4384071683-A5057195145,https://openalex.org/I4210090411
W4384071683-A5057932939,https://openalex.org/I1291425158
W4384071683-A5058677067,https://openalex.org/I1291425158
W4384071683-A5060000122,https://openalex.org/I1291425158
W4384071683-A5063201022,https://openalex.org/I1291425158
W4384071683-A5065128060,https://openalex.org/I1291425158
W4384071683-A5066029226,https://openalex.org/I1291425158
W4384071683-A5068955381,https://openalex.org/I1291425158
W4384071683-A5069557194,https://openalex.org/I1291425158
W4384071683-A5070366042,https://openalex.org/I1291425158
W4384071683-A5078784976,https://openalex.org/I1291425158
W4384071683-A5088063475,https://openalex.org/I1291425158
W4384071683-A5090718376,https://openalex.org/I1291425158
W4384071683-A5100657725,https://openalex.org/I1291425158
W4384071683-A5103234563,https://openalex.org/I1291425158
W4384662964-A5013170605,https://openalex.org/I136199984
W4384662964-A5013170605,https://openalex.org/I202697423
W4384662964-A5046475081,https://openalex.org/I136199984
W4384662964-A5046475081,https://openalex.org/I202697423
W4384662964-A5058797533,https://openalex.org/I136199984
W4384662964-A5058797533,https://openalex.org/I202697423
W4384934594-A5007503912,https://openalex.org/I102893293
W4384934594-A5019971035,https://openalex.org/I4405276343
W4384934594-A5070475779,https://openalex.org/I4405276343
W4384934594-A5100720739,https://openalex.org/I4405276343
W4384934594-A5101626009,https://openalex.org/I4405276343
W4385416665-A5047345391,https://openalex.org/I11123151
W4385416665-A5092780821,https://openalex.org/I11123151
W4385416665-A5092780822,https://openalex.org/I11123151
W4385452929-A5005398538,https://openalex.org/I63920570
W4385452929-A5034235259,https://openalex.org/I63920570
W4385452929-A5047952246,https://openalex.org/I63920570
W4385452929-A5092401086,https://openalex.org/I63920570
W4385452929-A5112952983,https://openalex.org/I63920570
W4385567149-A5009648800,https://openalex.org/I201448701
W4385567149-A5023341622,https://openalex.org/I4210114444
W4385567149-A5039158419,https://openalex.org/I201448701
W4385567149-A5039158419,https://openalex.org/I4210114444
W4385567149-A5063151917,https://openalex.org/I201448701
W4385567149-A5067919401,https://openalex.org/I201448701
W4385567149-A5067919401,https://openalex.org/I4210114444
W4385567149-A5082305994,https://openalex.org/I201448701
W4385567149-A5082305994,https://openalex.org/I4210156221
W4385572634-A5032740979,https://openalex.org/I145311948
W4385572634-A5032740979,https://openalex.org/I158248296
W4385572634-A5032740979,https://openalex.org/I201448701
W4385572634-A5032740979,https://openalex.org/I4210156221
W4385572634-A5032740979,https://openalex.org/I55732556
W4385572634-A5037232402,https://openalex.org/I145311948
W4385572634-A5037232402,https://openalex.org/I158248296
W4385572634-A5037232402,https://openalex.org/I201448701
W4385572634-A5037232402,https://openalex.org/I4210156221
W4385572634-A5037232402,https://openalex.org/I55732556
W4385572634-A5043628255,https://openalex.org/I145311948
W4385572634-A5043628255,https://openalex.org/I158248296
W4385572634-A5043628255,https://openalex.org/I201448701
W4385572634-A5043628255,https://openalex.org/I4210156221
W4385572634-A5043628255,https://openalex.org/I55732556
W4385572634-A5060080064,https://openalex.org/I145311948
W4385572634-A5060080064,https://openalex.org/I158248296
W4385572634-A5060080064,https://openalex.org/I201448701
W4385572634-A5060080064,https://openalex.org/I4210156221
W4385572634-A5060080064,https://openalex.org/I55732556
W4385572634-A5063722751,https://openalex.org/I145311948
W4385572634-A5063722751,https://openalex.org/I158248296
W4385572634-A5063722751,https://openalex.org/I201448701
W4385572634-A5063722751,https://openalex.org/I4210156221
W4385572634-A5063722751,https://openalex.org/I55732556
W4385572634-A5082305994,https://openalex.org/I145311948
W4385572634-A5082305994,https://openalex.org/I158248296
W4385572634-A5082305994,https://openalex.org/I201448701
W4385572634-A5082305994,https://openalex.org/I55732556
W4385572634-A5088517824,https://openalex.org/I145311948
W4385572634-A5088517824,https://openalex.org/I158248296
W4385572634-A5088517824,https://openalex.org/I201448701
W4385572634-A5088517824,https://openalex.org/I4210156221
W4385572634-A5088517824,https://openalex.org/I55732556
W4385988359-A5005308034,https://openalex.org/I88830068
W4385988359-A5012682441,https://openalex.org/I30809798
W4385988359-A5012682441,https://openalex.org/I4405265933
W4385988359-A5019722690,https://openalex.org/I88830068
W4385988359-A5025662871,https://openalex.org/I88830068
W4385988359-A5038582366,https://openalex.org/I189196454
W4385988359-A5052125077,https://openalex.org/I88830068
W4385988359-A5068480230,https://openalex.org/I165733156
W4385988359-A5083548873,https://openalex.org/I87445476
W4385988359-A5088463875,https://openalex.org/I88830068
W4385988359-A5100331094,https://openalex.org/I136199984
W4385988359-A5100331094,https://openalex.org/I4210087915
W4385988359-A5100351935,https://openalex.org/I165733156
W4385988359-A5100638446,https://openalex.org/I88830068
W4385988359-A5100647156,https://openalex.org/I165733156
W4385988359-A5100759473,https://openalex.org/I88830068
W4385988359-A5101182523,https://openalex.org/I88830068
W4385988359-A5101505879,https://openalex.org/I165733156
W4385988359-A5101629463,https://openalex.org/I88830068
W4386417345-A5023880578,https://openalex.org/I177725633
W4386693657-A5045400933,https://openalex.org/I181369854
W4386693657-A5048865769,https://openalex.org/I200332995
W4386693657-A5062843383,https://openalex.org/I62916508
W4386693657-A5081442873,https://openalex.org/I4403386549
W4386693657-A5081442873,https://openalex.org/I8204097
W4386728933-A5013954858,https://openalex.org/I126520041
W4386728933-A5038668215,https://openalex.org/I126520041
W4386728933-A5051925942,https://openalex.org/I126520041
W4386728933-A5077166728,https://openalex.org/I126520041
W4386728933-A5100368524,https://openalex.org/I165932596
W4386728933-A5100664091,https://openalex.org/I126520041
W4387321091-A5013500109,https://openalex.org/I95457486
W4387321091-A5041920173,https://openalex.org/I95457486
W4387321091-A5066299337,https://openalex.org/I95457486
W4387321091-A5067888631,https://openalex.org/I95457486
W4387321091-A5072427753,https://openalex.org/I95457486
W4387321091-A5083402013,https://openalex.org/I95457486
W4387321091-A5083402013,https://openalex.org/I97018004
W4387321091-A5083595182,https://openalex.org/I95457486
W4387321091-A5092145402,https://openalex.org/I36258959
W4387356888-A5000640247,https://openalex.org/I3018771216
W4387356888-A5000640247,https://openalex.org/I4403386549
W4387356888-A5000640247,https://openalex.org/I8204097
W4387356888-A5019675338,https://openalex.org/I3018771216
W4387356888-A5019675338,https://openalex.org/I4403386549
W4387356888-A5019675338,https://openalex.org/I8204097
W4387356888-A5020676803,https://openalex.org/I3018771216
W4387356888-A5020676803,https://openalex.org/I4403386549
W4387356888-A5020676803,https://openalex.org/I8204097
W4387356888-A5038202532,https://openalex.org/I3018771216
W4387356888-A5038202532,https://openalex.org/I4403386549
W4387356888-A5038202532,https://openalex.org/I8204097
W4387356888-A5047255274,https://openalex.org/I3018771216
W4387356888-A5047255274,https://openalex.org/I8204097
W4387356888-A5057700552,https://openalex.org/I3018771216
W4387356888-A5057700552,https://openalex.org/I8204097
W4387356888-A5063672058,https://openalex.org/I3018771216
W4387356888-A5063672058,https://openalex.org/I8204097
W4387356888-A5066409108,https://openalex.org/I3018771216
W4387356888-A5066409108,https://openalex.org/I4403386549
W4387356888-A5066409108,https://openalex.org/I8204097
W4387356888-A5077242061,https://openalex.org/I3018771216
W4387356888-A5077242061,https://openalex.org/I4403386549
W4387356888-A5077242061,https://openalex.org/I8204097
W4387356888-A5081006489,https://openalex.org/I3018771216
W4387356888-A5081006489,https://openalex.org/I4403386549
W4387356888-A5081006489,https://openalex.org/I8204097
W4387356888-A5087382703,https://openalex.org/I3018771216
W4387356888-A5087382703,https://openalex.org/I4210129183
W4387356888-A5087382703,https://openalex.org/I4403386549
W4387356888-A5087382703,https://openalex.org/I8204097
W4387835442-A5025255782,https://openalex.org/I97018004
W4387835442-A5053096615,https://openalex.org/I97018004
W4387835442-A5062285844,https://openalex.org/I1291425158
W4387835442-A5065663195,https://openalex.org/I1291425158
W4387835442-A5076189854,https://openalex.org/I97018004
W4387954002-A5042933080,https://openalex.org/I103163165
W4387954002-A5062327687,https://openalex.org/I110092051
W4387954002-A5073501090,https://openalex.org/I110092051
W4388488609-A5072322524,https://openalex.org/I4210090411
W4388488609-A5072322524,https://openalex.org/I47508984
W4388886073-A5003887059,https://openalex.org/I4210128801
W4388886073-A5004607650,https://openalex.org/I4210151025
W4388886073-A5040674721,https://openalex.org/I4210128801
W4388886073-A5056790702,https://openalex.org/I4210128801
W4388886073-A5084917133,https://openalex.org/I91712215
W4389210056-A5001467212,https://openalex.org/I165143802
W4389210056-A5007067645,https://openalex.org/I165143802
W4389210056-A5025890612,https://openalex.org/I170239107
W4389210056-A5036855560,https://openalex.org/I56590836
W4389210056-A5070591850,https://openalex.org/I165143802
W4389326242-A5025386668,https://openalex.org/I74973139
W4389326242-A5091734792,https://openalex.org/I20089843
W4389359039-A5087654936,https://openalex.org/I62318514
W4389359039-A5092994450,https://openalex.org/I62318514
W4389519118-A5009879041,https://openalex.org/I74973139
W4389519118-A5020049212,https://openalex.org/I74973139
W4389519118-A5038743835,https://openalex.org/I74973139
W4389519118-A5041434096,https://openalex.org/I74973139
W4389519118-A5043295774,https://openalex.org/I74973139
W4389519118-A5060885692,https://openalex.org/I74973139
W4389519118-A5068811427,https://openalex.org/I74973139
W4389519254-A5034826937,https://openalex.org/I1290206253
W4389519254-A5037853792,https://openalex.org/I1290206253
W4389519254-A5070165835,https://openalex.org/I1290206253
W4389519254-A5100355246,https://openalex.org/I1290206253
W4389519254-A5100355692,https://openalex.org/I1290206253
W4389519254-A5102323363,https://openalex.org/I1290206253
W4389519587-A5086674741,https://openalex.org/I4405281272
W4389519587-A5086674741,https://openalex.org/I45928872
W4389519587-A5100353783,https://openalex.org/I4405281272
W4389519587-A5100353783,https://openalex.org/I45928872
W4389519587-A5100438461,https://openalex.org/I4405281272
W4389519587-A5100438461,https://openalex.org/I45928872
W4389520749-A5011907463,https://openalex.org/I241749
W4389520749-A5024447363,https://openalex.org/I241749
W4389520749-A5050766679,https://openalex.org/I241749
W4389523832-A5001058167,https://openalex.org/I78988378
W4389523832-A5025631695,https://openalex.org/I78988378
W4389523832-A5100376310,https://openalex.org/I4405259410
W4389523832-A5100427048,https://openalex.org/I78988378
W4389523832-A5102261615,https://openalex.org/I78988378
W4389523957-A5005898634,https://openalex.org/I130701444
W4389523957-A5005898634,https://openalex.org/I183067930
W4389523957-A5005898634,https://openalex.org/I97018004
W4389523957-A5024845063,https://openalex.org/I130701444
W4389523957-A5024845063,https://openalex.org/I172675005
W4389523957-A5024845063,https://openalex.org/I183067930
W4389523957-A5044588650,https://openalex.org/I172675005
W4389523957-A5044588650,https://openalex.org/I97018004
W4389523957-A5070962435,https://openalex.org/I130701444
W4389523957-A5070962435,https://openalex.org/I172675005
W4389523957-A5070962435,https://openalex.org/I183067930
W4389523957-A5084658659,https://openalex.org/I172675005
W4389523957-A5089413311,https://openalex.org/I97018004
W4389636360-A5002621773,https://openalex.org/I97018004
W4389636360-A5069870254,https://openalex.org/I130701444
W4389636360-A5089413311,https://openalex.org/I97018004
W4389636360-A5101201263,https://openalex.org/I107672454
W4389727268-A5013834379,https://openalex.org/I4210090411
W4389727268-A5018728658,https://openalex.org/I4210090411
W4389727268-A5023562540,https://openalex.org/I100532134
W4389727268-A5023562540,https://openalex.org/I113428412
W4389727268-A5023562540,https://openalex.org/I1326498283
W4389727268-A5023562540,https://openalex.org/I203339264
W4389727268-A5023562540,https://openalex.org/I4210144566
W4389727268-A5028269821,https://openalex.org/I4210090411
W4389727268-A5057393538,https://openalex.org/I4210090411
W4389727268-A5057393538,https://openalex.org/I4210113297
W4389727268-A5071941381,https://openalex.org/I135310074
W4389727268-A5077302579,https://openalex.org/I4210090411
W4389727268-A5078666530,https://openalex.org/I4210090411
W4389727268-A5082290231,https://openalex.org/I4210090411
W4389727268-A5088601308,https://openalex.org/I4210090411
W4389727268-A5088601308,https://openalex.org/I4210113297
W4389727268-A5101733098,https://openalex.org/I4210090411
W4389727268-A5101992030,https://openalex.org/I4210090411
W4389984066-A5001877137,https://openalex.org/I24943067
W4389984066-A5100647639,https://openalex.org/I116953780
W4389984066-A5101581913,https://openalex.org/I24943067
W4389984066-A5101598822,https://openalex.org/I116953780
W4389984066-A5102001778,https://openalex.org/I116953780
W4389984066-A5104217086,https://openalex.org/I24943067
W4389984066-A5104217087,https://openalex.org/I116953780
W4389984066-A5109666673,https://openalex.org/I24943067
W4390490761-A5007489034,https://openalex.org/I165733156
W4390490761-A5050255638,https://openalex.org/I98301712
W4390490761-A5062665223,https://openalex.org/I19820366
W4390490761-A5062665223,https://openalex.org/I4210090176
W4390490761-A5072191151,https://openalex.org/I118118575
W4390490761-A5075858724,https://openalex.org/I183067930
W4390490761-A5100738980,https://openalex.org/I118118575
W4390490761-A5101511644,https://openalex.org/I145311948
W4390490761-A5101771060,https://openalex.org/I98301712
W4390490761-A5101790532,https://openalex.org/I47251452
W4390692489-A5007704896,https://openalex.org/I56590836
W4390692489-A5008056593,https://openalex.org/I11701301
W4390692489-A5010757894,https://openalex.org/I37796252
W4390692489-A5080738591,https://openalex.org/I16365422
W4390692489-A5080738591,https://openalex.org/I4210123185
W4390692489-A5100374831,https://openalex.org/I56590836
W4390692489-A5114500343,https://openalex.org/I172675005
W4391136507-A5010758235,https://openalex.org/I3133055985
W4391136507-A5029392006,https://openalex.org/I194450716
W4391136507-A5035082722,https://openalex.org/I3133055985
W4391136507-A5036357902,https://openalex.org/I39422238
W4391136507-A5040961637,https://openalex.org/I4210113369
W4391136507-A5044651577,https://openalex.org/I4210113369
W4391136507-A5100333729,https://openalex.org/I3133055985
W4391136507-A5100353526,https://openalex.org/I74973139
W4391136507-A5100407966,https://openalex.org/I194450716
W4391136507-A5100636286,https://openalex.org/I200769079
W4391136507-A5100685716,https://openalex.org/I20231570
W4391136507-A5100700956,https://openalex.org/I4210113369
W4391136507-A5101538186,https://openalex.org/I20231570
W4391136507-A5102024536,https://openalex.org/I194450716
W4391136507-A5102930702,https://openalex.org/I194450716
W4391136507-A5103056110,https://openalex.org/I19820366
W4391136507-A5103056110,https://openalex.org/I4210112150
W4391848979-A5002426346,https://openalex.org/I1326498283
W4391848979-A5004227278,https://openalex.org/I181343428
W4391848979-A5004227278,https://openalex.org/I4390039327
W4391848979-A5007067645,https://openalex.org/I165143802
W4391848979-A5007325624,https://openalex.org/I54009628
W4391848979-A5007325624,https://openalex.org/I91712215
W4391848979-A5014846205,https://openalex.org/I7882870
W4391848979-A5017326471,https://openalex.org/I169108374
W4391848979-A5017326471,https://openalex.org/I173304897
W4391848979-A5017326471,https://openalex.org/I4210113430
W4391848979-A5023849668,https://openalex.org/I4210113215
W4391848979-A5023849668,https://openalex.org/I66752286
W4391848979-A5024458365,https://openalex.org/I4210144925
W4391848979-A5026451495,https://openalex.org/I2800274787
W4391848979-A5026451495,https://openalex.org/I4401727010
W4391848979-A5026451495,https://openalex.org/I4577782
W4391848979-A5034657358,https://openalex.org/I92869138
W4391848979-A5041714982,https://openalex.org/I16656306
W4391848979-A5045016749,https://openalex.org/I173304897
W4391848979-A5052985764,https://openalex.org/I157485424
W4391848979-A5066246956,https://openalex.org/I121797337
W4391848979-A5070433751,https://openalex.org/I138689650
W4391848979-A5083182498,https://openalex.org/I67415387
W4391848979-A5091251187,https://openalex.org/I108290504
W4391848979-A5101711824,https://openalex.org/I184656255
W4391848979-A5102953149,https://openalex.org/I162096671
W4391855109-A5000819439,https://openalex.org/I183697816
W4391855109-A5008339199,https://openalex.org/I29894533
W4391855109-A5008882566,https://openalex.org/I63169043
W4391855109-A5018257829,https://openalex.org/I63169043
W4391855109-A5022918060,https://openalex.org/I63169043
W4391855109-A5055795711,https://openalex.org/I63169043
W4391855109-A5062716310,https://openalex.org/I29894533
W4391855109-A5087616870,https://openalex.org/I63548447
W4391855109-A5092939745,https://openalex.org/I63169043
W4391876619-A5025255782,https://openalex.org/I97018004
W4391876619-A5031981513,https://openalex.org/I97018004
W4391876619-A5074764224,https://openalex.org/I95457486
W4391876619-A5075075495,https://openalex.org/I97018004
W4391974543-A5056375705,https://openalex.org/I19820366
W4391974543-A5056375705,https://openalex.org/I4210128818
W4391974543-A5056375705,https://openalex.org/I4210165038
W4391974543-A5075639297,https://openalex.org/I62916508
W4391974543-A5100326213,https://openalex.org/I192455969
W4391974543-A5100434820,https://openalex.org/I19820366
W4391974543-A5100434820,https://openalex.org/I4210128818
W4391974543-A5100434820,https://openalex.org/I4210165038
W4391974543-A5100462353,https://openalex.org/I19820366
W4391974543-A5100462353,https://openalex.org/I4210128818
W4391974543-A5100462353,https://openalex.org/I4210165038
W4391974543-A5108814327,https://openalex.org/I19820366
W4391974543-A5108814327,https://openalex.org/I4210128818
W4391974543-A5108814327,https://openalex.org/I4210165038
W4392193048-A5003995646,https://openalex.org/I202697423
W4392193048-A5003995646,https://openalex.org/I4210100468
W4392193048-A5006006903,https://openalex.org/I4210137306
W4392193048-A5006006903,https://openalex.org/I97018004
W4392193048-A5008348052,https://openalex.org/I97018004
W4392193048-A5015508892,https://openalex.org/I4210137306
W4392193048-A5015508892,https://openalex.org/I97018004
W4392193048-A5016013231,https://openalex.org/I97018004
W4392193048-A5022702389,https://openalex.org/I4210137306
W4392193048-A5022702389,https://openalex.org/I97018004
W4392193048-A5025304724,https://openalex.org/I97018004
W4392193048-A5029998947,https://openalex.org/I4210137306
W4392193048-A5029998947,https://openalex.org/I97018004
W4392193048-A5037419111,https://openalex.org/I2800288331
W4392193048-A5037419111,https://openalex.org/I97018004
W4392193048-A5041327310,https://openalex.org/I4210137306
W4392193048-A5041327310,https://openalex.org/I97018004
W4392193048-A5046938499,https://openalex.org/I86519309
W4392193048-A5060928641,https://openalex.org/I2802567020
W4392193048-A5060928641,https://openalex.org/I97018004
W4392193048-A5061093158,https://openalex.org/I4210137306
W4392193048-A5061093158,https://openalex.org/I97018004
W4392193048-A5064829377,https://openalex.org/I4210137306
W4392193048-A5064829377,https://openalex.org/I4405269264
W4392193048-A5064829377,https://openalex.org/I97018004
W4392193048-A5072177559,https://openalex.org/I97018004
W4392193048-A5079666746,https://openalex.org/I97018004
W4392193048-A5080097591,https://openalex.org/I4210137306
W4392193048-A5080097591,https://openalex.org/I97018004
W4392193048-A5087710258,https://openalex.org/I4210137306
W4392193048-A5087710258,https://openalex.org/I97018004
W4392193048-A5089676369,https://openalex.org/I202697423
W4392193048-A5089676369,https://openalex.org/I4210100468
W4392193048-A5089676369,https://openalex.org/I97018004
W4392353733-A5008974593,https://openalex.org/I72816309
W4392353733-A5035274621,https://openalex.org/I72816309
W4392353733-A5073311852,https://openalex.org/I72816309
W4392353733-A5100333755,https://openalex.org/I72816309
W4392353733-A5101885416,https://openalex.org/I72816309
W4392353733-A5102775611,https://openalex.org/I72816309
W4392773210-A5078892242,https://openalex.org/I3132934759
W4393065402-A5025631695,https://openalex.org/I78988378
W4393065402-A5037145565,https://openalex.org/I78988378
W4393065402-A5043098453,https://openalex.org/I78988378
W4393065402-A5043446092,https://openalex.org/I78988378
W4393065402-A5070590692,https://openalex.org/I78988378
W4393065402-A5074858555,https://openalex.org/I78988378
W4393065402-A5100358735,https://openalex.org/I78988378
W4393065402-A5100385692,https://openalex.org/I78988378
W4393065402-A5100410908,https://openalex.org/I78988378
W4393065402-A5101394605,https://openalex.org/I78988378
W4393065402-A5101551028,https://openalex.org/I78988378
W4393065402-A5101658564,https://openalex.org/I78988378
W4393065402-A5101929118,https://openalex.org/I78988378
W4393148714-A5008561615,https://openalex.org/I20231570
W4393148714-A5008561615,https://openalex.org/I2250653659
W4393148714-A5019129523,https://openalex.org/I2250653659
W4393148714-A5065367221,https://openalex.org/I19820366
W4393148714-A5065367221,https://openalex.org/I204512498
W4393148714-A5065367221,https://openalex.org/I4210145761
W4393148714-A5100409994,https://openalex.org/I20231570
W4393148714-A5101500719,https://openalex.org/I2250653659
W4393148714-A5101538534,https://openalex.org/I2250653659
W4393148714-A5102004349,https://openalex.org/I2250653659
W4393160302-A5005530395,https://openalex.org/I108403487
W4393160302-A5012247196,https://openalex.org/I35440088
W4393160302-A5026990786,https://openalex.org/I35440088
W4393160302-A5052014295,https://openalex.org/I35440088
W4393160302-A5056549312,https://openalex.org/I35440088
W4393160302-A5067303323,https://openalex.org/I35440088
W4393160302-A5092029666,https://openalex.org/I35440088
W4394828156-A5062522127,https://openalex.org/I1290206253
W4394828156-A5089730590,https://openalex.org/I74973139
W4394828356-A5037977430,https://openalex.org/I33586908
W4394828356-A5041541232,https://openalex.org/I48890080
W4394828356-A5041854978,https://openalex.org/I110360157
W4394828356-A5041854978,https://openalex.org/I74319210
W4394828356-A5042452580,https://openalex.org/I168719708
W4394828356-A5053810667,https://openalex.org/I876193797
W4394828356-A5064982530,https://openalex.org/I876193797
W4394828356-A5065197324,https://openalex.org/I4401726783
W4394828356-A5067148263,https://openalex.org/I876193797
W4394828356-A5069076821,https://openalex.org/I876193797
W4394828356-A5074022699,https://openalex.org/I200650556
W4394828356-A5109384620,https://openalex.org/I876193797
W4394828356-A5112433883,https://openalex.org/I876193797
W4394994587-A5015445950,https://openalex.org/I14243506
W4394994587-A5021817200,https://openalex.org/I14243506
W4394994587-A5040639891,https://openalex.org/I87216513
W4394994587-A5043696243,https://openalex.org/I14243506
W4394994587-A5047531321,https://openalex.org/I1311688040
W4394994587-A5061701176,https://openalex.org/I170215575
W4394994587-A5100404176,https://openalex.org/I14243506
W4394994587-A5100455805,https://openalex.org/I1311688040
W4394994587-A5100645854,https://openalex.org/I168719708
W4394994587-A5101642273,https://openalex.org/I14243506
W4394994587-A5114910997,https://openalex.org/I14243506
W4398201291-A5002204723,https://openalex.org/I1290206253
W4398201291-A5010756260,https://openalex.org/I1290206253
W4398201291-A5014662947,https://openalex.org/I1290206253
W4398201291-A5019494985,https://openalex.org/I1290206253
W4398201291-A5021398250,https://openalex.org/I1290206253
W4398201291-A5023123863,https://openalex.org/I1290206253
W4398201291-A5024324107,https://openalex.org/I1290206253
W4398201291-A5024324107,https://openalex.org/I201448701
W4398201291-A5036188128,https://openalex.org/I1290206253
W4398201291-A5048356362,https://openalex.org/I201448701
W4398201291-A5062444950,https://openalex.org/I2801670537
W4398201291-A5073022416,https://openalex.org/I1290206253
W4398201291-A5074442659,https://openalex.org/I1290206253
W4398201291-A5082626235,https://openalex.org/I2801670537
W4398201291-A5100370065,https://openalex.org/I1290206253
W4398201291-A5100394046,https://openalex.org/I1290206253
W4398201291-A5100632859,https://openalex.org/I1290206253
W4398201291-A5107893340,https://openalex.org/I1290206253
W4398201291-A5110652380,https://openalex.org/I1290206253
W4399528455-A5037638116,https://openalex.org/I97018004
W4399528455-A5059294839,https://openalex.org/I1343180700
W4399567248-A5002141677,https://openalex.org/I1330342723
W4399567248-A5006520100,https://openalex.org/I1283280774
W4399567248-A5006520100,https://openalex.org/I136199984
W4399567248-A5016374079,https://openalex.org/I1283280774
W4399567248-A5016374079,https://openalex.org/I136199984
W4399567248-A5016374079,https://openalex.org/I63966007
W4399567248-A5021626481,https://openalex.org/I1283280774
W4399567248-A5021626481,https://openalex.org/I136199984
W4399567248-A5031275956,https://openalex.org/I1283280774
W4399567248-A5031275956,https://openalex.org/I136199984
W4399567248-A5031275956,https://openalex.org/I4921948
W4399567248-A5031556491,https://openalex.org/I1283280774
W4399567248-A5031556491,https://openalex.org/I136199984
W4399567248-A5031556491,https://openalex.org/I4210087915
W4399567248-A5032079635,https://openalex.org/I1283280774
W4399567248-A5032079635,https://openalex.org/I136199984
W4399567248-A5033150413,https://openalex.org/I1283280774
W4399567248-A5033150413,https://openalex.org/I136199984
W4399567248-A5033150413,https://openalex.org/I4210087915
W4399567248-A5035905820,https://openalex.org/I1283280774
W4399567248-A5035905820,https://openalex.org/I136199984
W4399567248-A5035905820,https://openalex.org/I4210087915
W4399567248-A5046842875,https://openalex.org/I1283280774
W4399567248-A5046842875,https://openalex.org/I136199984
W4399567248-A5047915338,https://openalex.org/I2802841970
W4399567248-A5047915338,https://openalex.org/I52357470
W4399567248-A5050925115,https://openalex.org/I107606265
W4399567248-A5050925115,https://openalex.org/I1283280774
W4399567248-A5050925115,https://openalex.org/I136199984
W4399567248-A5050925115,https://openalex.org/I4210087915
W4399567248-A5054665212,https://openalex.org/I107606265
W4399567248-A5054665212,https://openalex.org/I1283280774
W4399567248-A5054665212,https://openalex.org/I136199984
W4399567248-A5054665212,https://openalex.org/I4210087915
W4399567248-A5074001163,https://openalex.org/I107606265
W4399567248-A5074001163,https://openalex.org/I1283280774
W4399567248-A5074001163,https://openalex.org/I136199984
W4399567248-A5074001163,https://openalex.org/I4210087915
W4399567248-A5074001163,https://openalex.org/I63966007
W4399567248-A5078810229,https://openalex.org/I136199984
W4399567248-A5078810229,https://openalex.org/I4210087915
W4399567248-A5079652585,https://openalex.org/I2802841970
W4399567248-A5079652585,https://openalex.org/I52357470
W4399567248-A5080050834,https://openalex.org/I107606265
W4399567248-A5080050834,https://openalex.org/I1283280774
W4399567248-A5080050834,https://openalex.org/I136199984
W4399567248-A5080050834,https://openalex.org/I4210087915
W4399567248-A5100675173,https://openalex.org/I1283280774
W4399567248-A5100675173,https://openalex.org/I136199984
W4399567248-A5100675173,https://openalex.org/I4210087915
W4399567248-A5101377314,https://openalex.org/I2802841970
W4399567248-A5101377314,https://openalex.org/I52357470
W4399803256-A5029186201,https://openalex.org/I40120149
W4399803256-A5051690066,https://openalex.org/I40120149
W4399803256-A5054381323,https://openalex.org/I40120149
W4399803256-A5060914941,https://openalex.org/I40120149
W4400949264-A5018809423,https://openalex.org/I185261750
W4400949264-A5018809423,https://openalex.org/I4210127509
W4400949264-A5029186201,https://openalex.org/I40120149
W4400949264-A5046983053,https://openalex.org/I241749
W4400949264-A5046983053,https://openalex.org/I98677209
W4400949264-A5069844959,https://openalex.org/I40120149
W4400949264-A5087214686,https://openalex.org/I241749
W4400949264-A5101093262,https://openalex.org/I47508984
W4401726555-A5033588812,https://openalex.org/I5681781
W4401726555-A5073143385,https://openalex.org/I5681781
W4401726555-A5101137578,https://openalex.org/I204983213
W4401834466-A5040762883,https://openalex.org/I126520041
W4401834466-A5048237545,https://openalex.org/I126520041
W4401834466-A5052639977,https://openalex.org/I126520041
W4401834466-A5100446071,https://openalex.org/I126520041
W4401834466-A5100453144,https://openalex.org/I126520041
W4401834466-A5113346577,https://openalex.org/I126520041
W4401834466-A5114054929,https://openalex.org/I126520041
W4401857375-A5031718186,https://openalex.org/I14243506
W4401857375-A5043696243,https://openalex.org/I14243506
W4401857375-A5064920618,https://openalex.org/I14243506
W4401857375-A5089404640,https://openalex.org/I165932596
W4401857375-A5091807843,https://openalex.org/I14243506
W4401857375-A5100404176,https://openalex.org/I14243506
W4401857375-A5101771060,https://openalex.org/I98301712
W4401857375-A5103147054,https://openalex.org/I14243506
W4402128637-A5001848205,https://openalex.org/I45129253
W4402128637-A5008962923,https://openalex.org/I204136569
W4402128637-A5010726815,https://openalex.org/I45129253
W4402128637-A5019212451,https://openalex.org/I106165777
W4402128637-A5029977269,https://openalex.org/I200650556
W4402128637-A5029977269,https://openalex.org/I204778367
W4402128637-A5032351358,https://openalex.org/I170486558
W4402128637-A5037674585,https://openalex.org/I170201317
W4402128637-A5054198262,https://openalex.org/I98381234
W4402128637-A5091148039,https://openalex.org/I108103353
W4402665833-A5000432413,https://openalex.org/I47720641
W4402665833-A5008695791,https://openalex.org/I79891267
W4402665833-A5023970004,https://openalex.org/I47720641
W4402665833-A5065658217,https://openalex.org/I47720641
W4402665833-A5081036622,https://openalex.org/I79891267
W4402665833-A5082913979,https://openalex.org/I56590836
W4402665833-A5100320074,https://openalex.org/I56590836
W4402665833-A5100400376,https://openalex.org/I14243506
W4402665833-A5106407830,https://openalex.org/I82880672
W4402665833-A5115695530,https://openalex.org/I47720641
W4402670856-A5036245980,https://openalex.org/I126520041
W4402670856-A5044147794,https://openalex.org/I126520041
W4402670856-A5074258457,https://openalex.org/I126520041
W4402670856-A5085254654,https://openalex.org/I126520041
W4402670856-A5100423656,https://openalex.org/I126520041
W4402713111-A5000474748,https://openalex.org/I4401727009
W4402713111-A5002478369,https://openalex.org/I881766915
W4402713111-A5003424548,https://openalex.org/I881766915
W4402713111-A5032789289,https://openalex.org/I889458895
W4402713111-A5051797244,https://openalex.org/I99065089
W4402713111-A5061696740,https://openalex.org/I881766915
W4402713111-A5067844767,https://openalex.org/I4391012619
W4402713111-A5077813772,https://openalex.org/I99065089
W4402713111-A5100781448,https://openalex.org/I126520041
W4402713111-A5101827340,https://openalex.org/I177725633
W4402713111-A5108943133,https://openalex.org/I99065089
W4402713111-A5112877229,https://openalex.org/I99065089
W4402713111-A5113394742,https://openalex.org/I889458895
W4403102965-A5021143474,https://openalex.org/I117963711
W4403102965-A5076161313,https://openalex.org/I205984670
W4403102965-A5076161313,https://openalex.org/I95457486
W4403102965-A5092228829,https://openalex.org/I211738395
W4403102965-A5107692307,https://openalex.org/I4210109462
W4403102965-A5114239683,https://openalex.org/I157338126
W4403402994-A5002715190,https://openalex.org/I121748325
W4403402994-A5032415622,https://openalex.org/I121748325
W4403402994-A5038813690,https://openalex.org/I121748325
W4403402994-A5069328902,https://openalex.org/I181647926
W4403402994-A5078148173,https://openalex.org/I121748325
W4403402994-A5084611574,https://openalex.org/I121748325
W4403402994-A5087560188,https://openalex.org/I121748325
W4403402994-A5089391738,https://openalex.org/I121748325
W4403402994-A5089476139,https://openalex.org/I121748325
W4403402994-A5091125431,https://openalex.org/I121748325
W4403402994-A5100603679,https://openalex.org/I56404289
W4403402994-A5114267479,https://openalex.org/I121748325
W4403402994-A5114267480,https://openalex.org/I121748325
W4404046121-A5009504223,https://openalex.org/I1303153112
W4404046121-A5021806010,https://openalex.org/I1303153112
W4404046121-A5029691314,https://openalex.org/I1303153112
W4404046121-A5035838235,https://openalex.org/I1303153112
W4404046121-A5037446204,https://openalex.org/I1303153112
W4404046121-A5038723062,https://openalex.org/I1303153112
W4404046121-A5044603792,https://openalex.org/I1303153112
W4404046121-A5055658645,https://openalex.org/I1303153112
W4404046121-A5075129836,https://openalex.org/I1303153112
W4404046121-A5080017460,https://openalex.org/I1303153112
W4404046121-A5113593955,https://openalex.org/I1303153112
W4404356490-A5014172220,https://openalex.org/I881766915
W4404356490-A5025292786,https://openalex.org/I126520041
W4404356490-A5048237545,https://openalex.org/I126520041
W4404356490-A5073775343,https://openalex.org/I126520041
W4404356490-A5090369859,https://openalex.org/I126520041
W4404356490-A5100388508,https://openalex.org/I2250653659
W4404356490-A5100655785,https://openalex.org/I2250653659
W4404534210-A5007059246,https://openalex.org/I204983213
W4404534210-A5017671620,https://openalex.org/I204983213
W4404534210-A5055989750,https://openalex.org/I2250955327
W4404534210-A5063233389,https://openalex.org/I2250955327
W4404534210-A5073213620,https://openalex.org/I204983213
W4404534210-A5086038509,https://openalex.org/I204983213
W4404534210-A5086038509,https://openalex.org/I2250955327
W4404534210-A5100418171,https://openalex.org/I204983213
W4404534210-A5111073904,https://openalex.org/I204983213
W4404534210-A5114889392,https://openalex.org/I204983213
W4404782964-A5020456783,https://openalex.org/I20231570
W4404782964-A5021459300,https://openalex.org/I20231570
W4404782964-A5100440241,https://openalex.org/I20231570
W4404782964-A5100440241,https://openalex.org/I74973139
W4404782964-A5100448333,https://openalex.org/I20231570
W4404782964-A5100667025,https://openalex.org/I4391012619
W4404782964-A5100735418,https://openalex.org/I4405256866
W4404782964-A5101582577,https://openalex.org/I20231570
W4404782964-A5103220384,https://openalex.org/I14243506
W4404782964-A5110285832,https://openalex.org/I20231570
W4404782964-A5111863979,https://openalex.org/I20231570
W4404782964-A5113750837,https://openalex.org/I20231570
W4405211386-A5006305255,https://openalex.org/I20231570
W4405211386-A5006305255,https://openalex.org/I56590836
W4405211386-A5036855560,https://openalex.org/I56590836
W4405211386-A5046537776,https://openalex.org/I20231570
W4405211386-A5100406123,https://openalex.org/I56590836
W4405211386-A5100780322,https://openalex.org/I4210123185
W4405211386-A5101404414,https://openalex.org/I20231570
W4405211386-A5113287451,https://openalex.org/I20231570
W4405211386-A5114190756,https://openalex.org/I20231570
W4406152279-A5003509342,https://openalex.org/I1291425158
W4406152279-A5010171106,https://openalex.org/I1291425158
W4406152279-A5014724876,https://openalex.org/I1291425158
W4406152279-A5020446219,https://openalex.org/I1291425158
W4406152279-A5021812637,https://openalex.org/I1291425158
W4406152279-A5025626087,https://openalex.org/I1291425158
W4406152279-A5027230259,https://openalex.org/I1291425158
W4406152279-A5028001282,https://openalex.org/I1291425158
W4406152279-A5028178741,https://openalex.org/I1291425158
W4406152279-A5031489667,https://openalex.org/I1291425158
W4406152279-A5034500430,https://openalex.org/I1291425158
W4406152279-A5041175834,https://openalex.org/I4210105015
W4406152279-A5041175834,https://openalex.org/I4210137306
W4406152279-A5041175834,https://openalex.org/I97018004
W4406152279-A5043862316,https://openalex.org/I1291425158
W4406152279-A5044698998,https://openalex.org/I1291425158
W4406152279-A5046725885,https://openalex.org/I4210137306
W4406152279-A5046725885,https://openalex.org/I97018004
W4406152279-A5047463591,https://openalex.org/I1291425158
W4406152279-A5057195145,https://openalex.org/I1291425158
W4406152279-A5057932939,https://openalex.org/I1291425158
W4406152279-A5058399428,https://openalex.org/I1291425158
W4406152279-A5060000122,https://openalex.org/I1291425158
W4406152279-A5060982337,https://openalex.org/I1291425158
W4406152279-A5063201022,https://openalex.org/I1291425158
W4406152279-A5065128060,https://openalex.org/I1291425158
W4406152279-A5068955381,https://openalex.org/I1291425158
W4406152279-A5069557194,https://openalex.org/I1291425158
W4406152279-A5072545690,https://openalex.org/I4210137306
W4406152279-A5072545690,https://openalex.org/I97018004
W4406152279-A5076826749,https://openalex.org/I1291425158
W4406152279-A5078784976,https://openalex.org/I1291425158
W4406152279-A5091970724,https://openalex.org/I1291425158
W4406152279-A5101315776,https://openalex.org/I1291425158
W4406152279-A5101522898,https://openalex.org/I1291425158
W4406152279-A5102999001,https://openalex.org/I1291425158
W4406152279-A5103234563,https://openalex.org/I1291425158
W4406170795-A5016560150,https://openalex.org/I161046081
W4406170795-A5018131113,https://openalex.org/I161046081
W4406170795-A5018131113,https://openalex.org/I2801240073
W4406170795-A5031002895,https://openalex.org/I161046081
W4406170795-A5031002895,https://openalex.org/I4405263145
W4406170795-A5081550394,https://openalex.org/I161046081
W4406170795-A5081550394,https://openalex.org/I4210139777
W4406170795-A5115792630,https://openalex.org/I161046081
W4406170795-A5115810004,https://openalex.org/I161046081
W4406170795-A5115810005,https://openalex.org/I161046081
W4406633314-A5047561254,https://openalex.org/I97018004
W4406633314-A5064188865,https://openalex.org/I111950717
W4406633314-A5064188865,https://openalex.org/I157773358
W4406633314-A5064188865,https://openalex.org/I4210097354
W4406633314-A5064188865,https://openalex.org/I4405252760
W4406633314-A5069425796,https://openalex.org/I24185976
W4406633314-A5069425796,https://openalex.org/I4210089761
W4406633314-A5069425796,https://openalex.org/I4391768003
W4406633314-A5074665620,https://openalex.org/I4210086405
W4406633314-A5100357049,https://openalex.org/I27781120
W4406633314-A5100357049,https://openalex.org/I4405252760
W4406633314-A5100365595,https://openalex.org/I24185976
W4406633314-A5100365595,https://openalex.org/I4210089761
W4406633314-A5100365595,https://openalex.org/I4391768003
W4406633314-A5100432232,https://openalex.org/I27781120
W4406633314-A5100628725,https://openalex.org/I27781120
W4406800520-A5013258788,https://openalex.org/I24943067
W4406800520-A5036875405,https://openalex.org/I24943067
W4406800520-A5041006174,https://openalex.org/I24943067
W4406800520-A5043656661,https://openalex.org/I24943067
W4406800520-A5044665993,https://openalex.org/I24943067
W4406800520-A5058353652,https://openalex.org/I24943067
W4406800520-A5060618975,https://openalex.org/I24943067
W4406800520-A5067758524,https://openalex.org/I24943067
W4406800520-A5081667345,https://openalex.org/I4405259410
W4406800520-A5083173421,https://openalex.org/I24943067
W4406800520-A5083955516,https://openalex.org/I24943067
W4406800520-A5087033501,https://openalex.org/I24943067
W4406800520-A5088834359,https://openalex.org/I24943067
W4406800520-A5100341808,https://openalex.org/I24943067
W4406800520-A5100360436,https://openalex.org/I24943067
W4406800520-A5100411426,https://openalex.org/I24943067
W4406800520-A5100447280,https://openalex.org/I24943067
W4406800520-A5100687441,https://openalex.org/I24943067
W4406800520-A5101432591,https://openalex.org/I24943067
W4406800520-A5101588749,https://openalex.org/I24943067
W4406800520-A5101729628,https://openalex.org/I24943067
W4406800520-A5101809968,https://openalex.org/I24943067
W4406800520-A5108893565,https://openalex.org/I24943067
W4406800520-A5108961327,https://openalex.org/I24943067
W4406800520-A5109730221,https://openalex.org/I24943067
W4406800520-A5114723683,https://openalex.org/I24943067
W4409885395-A5016826392,https://openalex.org/I4210164937
W4409885395-A5025427198,https://openalex.org/I4210164937
W4409885395-A5038706435,https://openalex.org/I4210164937
W4409885395-A5061320164,https://openalex.org/I4210164937
W4409885395-A5062891440,https://openalex.org/I74973139
W4409885395-A5108601104,https://openalex.org/I4210164937
W4409885395-A5110117745,https://openalex.org/I4210164937
W4411403346-A5003364006,https://openalex.org/I39470171
W4411403346-A5069697936,https://openalex.org/I165779595
W4411403346-A5069697936,https://openalex.org/I177877127
W4411403346-A5072548276,https://openalex.org/I129604602
W4411403346-A5072837153,https://openalex.org/I118347636
W4411403346-A5084633048,https://openalex.org/I134085113
W4411403346-A5089986388,https://openalex.org/I177877127
W4411403346-A5100412513,https://openalex.org/I142732210
W4411403346-A5100736298,https://openalex.org/I177725633
W4411403346-A5102912673,https://openalex.org/I114017466
W4411403346-A5102912673,https://openalex.org/I1292875679
W4411630045-A5022920014,https://openalex.org/I79510175
W4411630045-A5052196540,https://openalex.org/I79510175
W4411630045-A5111047576,https://openalex.org/I79510175
W4414281281-A5003566311,https://openalex.org/I4405257960
W4414281281-A5006532556,https://openalex.org/I4405257960
W4414281281-A5008187090,https://openalex.org/I4405257960
W4414281281-A5010956082,https://openalex.org/I4405257960
W4414281281-A5015078816,https://openalex.org/I4405257960
W4414281281-A5016017027,https://openalex.org/I4405257960
W4414281281-A5016073978,https://openalex.org/I4405257960
W4414281281-A5016284649,https://openalex.org/I4405257960
W4414281281-A5016665033,https://openalex.org/I4405257960
W4414281281-A5018225836,https://openalex.org/I4405257960
W4414281281-A5019579257,https://openalex.org/I4405257960
W4414281281-A5020456783,https://openalex.org/I4405257960
W4414281281-A5023594937,https://openalex.org/I4405257960
W4414281281-A5024300524,https://openalex.org/I4405257960
W4414281281-A5026325208,https://openalex.org/I4405257960
W4414281281-A5029083198,https://openalex.org/I4405257960
W4414281281-A5029699414,https://openalex.org/I20231570
W4414281281-A5029699414,https://openalex.org/I4405257960
W4414281281-A5030693568,https://openalex.org/I4405257960
W4414281281-A5032538237,https://openalex.org/I4405257960
W4414281281-A5034611488,https://openalex.org/I4405257960
W4414281281-A5035849215,https://openalex.org/I4405257960
W4414281281-A5036645286,https://openalex.org/I4405257960
W4414281281-A5043755032,https://openalex.org/I4405257960
W4414281281-A5046105992,https://openalex.org/I4405257960
W4414281281-A5048566877,https://openalex.org/I4405257960
W4414281281-A5048832336,https://openalex.org/I4405257960
W4414281281-A5056287596,https://openalex.org/I4405257960
W4414281281-A5057030499,https://openalex.org/I4405257960
W4414281281-A5060364305,https://openalex.org/I4405257960
W4414281281-A5063711526,https://openalex.org/I4405257960
W4414281281-A5066575939,https://openalex.org/I4405257960
W4414281281-A5068839714,https://openalex.org/I4405257960
W4414281281-A5072132225,https://openalex.org/I4405257960
W4414281281-A5075068668,https://openalex.org/I4405257960
W4414281281-A5076280995,https://openalex.org/I4405257960
W4414281281-A5077569089,https://openalex.org/I4405257960
W4414281281-A5079470006,https://openalex.org/I4405257960
W4414281281-A5082206666,https://openalex.org/I4405257960
W4414281281-A5082534819,https://openalex.org/I4405257960
W4414281281-A5084839131,https://openalex.org/I4405257960
W4414281281-A5085346370,https://openalex.org/I4405257960
W4414281281-A5085396184,https://openalex.org/I4405257960
W4414281281-A5087014857,https://openalex.org/I4405257960
W4414281281-A5087022211,https://openalex.org/I126520041
W4414281281-A5087022211,https://openalex.org/I4405257960
W4414281281-A5088862043,https://openalex.org/I4405257960
W4414281281-A5090328003,https://openalex.org/I4405257960
W4414281281-A5094077400,https://openalex.org/I4405257960
W4414281281-A5100338772,https://openalex.org/I4405257960
W4414281281-A5100364041,https://openalex.org/I4405257960
W4414281281-A5100394926,https://openalex.org/I4405257960
W4414281281-A5100437634,https://openalex.org/I4405257960
W4414281281-A5100457416,https://openalex.org/I4405257960
W4414281281-A5100608388,https://openalex.org/I4405257960
W4414281281-A5100615599,https://openalex.org/I4405257960
W4414281281-A5100757067,https://openalex.org/I4405257960
W4414281281-A5100773163,https://openalex.org/I4405257960
W4414281281-A5100781026,https://openalex.org/I4405257960
W4414281281-A5100915390,https://openalex.org/I4405257960
W4414281281-A5101289776,https://openalex.org/I4405257960
W4414281281-A5101800668,https://openalex.org/I4405257960
W4414281281-A5102602497,https://openalex.org/I4405257960
W4414281281-A5103063573,https://openalex.org/I4405257960
W4414281281-A5103100933,https://openalex.org/I4405257960
W4414281281-A5103178710,https://openalex.org/I4405257960
W4414281281-A5103211182,https://openalex.org/I4405257960
W4414281281-A5103211502,https://openalex.org/I4405257960
W4414281281-A5103549458,https://openalex.org/I4405257960
W4414281281-A5104127081,https://openalex.org/I4405257960
W4414281281-A5106671151,https://openalex.org/I4405257960
W4414281281-A5107939686,https://openalex.org/I4405257960
W4414281281-A5109083484,https://openalex.org/I4405257960
W4414281281-A5109478033,https://openalex.org/I4405257960
W4414281281-A5109672590,https://openalex.org/I4405257960
W4414281281-A5112374713,https://openalex.org/I4405257960
W4414281281-A5113091614,https://openalex.org/I4405257960
W4414281281-A5113628365,https://openalex.org/I4405257960
W4414281281-A5113747152,https://openalex.org/I4405257960
W4414281281-A5115605110,https://openalex.org/I4405257960
W4414281281-A5117779795,https://openalex.org/I4405257960
