paper_id,topic_id,score
https://openalex.org/W1524333225,https://openalex.org/T10201,0.9998999834060669
https://openalex.org/W1524333225,https://openalex.org/T10860,0.9984999895095825
https://openalex.org/W1524333225,https://openalex.org/T11309,0.9983999729156494
https://openalex.org/W1525961042,https://openalex.org/T10028,1.0
https://openalex.org/W1525961042,https://openalex.org/T10181,0.9994000196456909
https://openalex.org/W1525961042,https://openalex.org/T11714,0.9955000281333923
https://openalex.org/W1539309091,https://openalex.org/T10028,0.9998000264167786
https://openalex.org/W1539309091,https://openalex.org/T10181,0.9998999834060669
https://openalex.org/W1539309091,https://openalex.org/T10201,0.9975000023841858
https://openalex.org/W1800356822,https://openalex.org/T10028,0.9994999766349792
https://openalex.org/W1800356822,https://openalex.org/T10181,0.9986000061035156
https://openalex.org/W1800356822,https://openalex.org/T10201,0.9988999962806702
https://openalex.org/W2109664771,https://openalex.org/T10028,0.9994000196456909
https://openalex.org/W2109664771,https://openalex.org/T10181,1.0
https://openalex.org/W2109664771,https://openalex.org/T11269,0.9939000010490417
https://openalex.org/W2541884796,https://openalex.org/T10764,0.9998000264167786
https://openalex.org/W2541884796,https://openalex.org/T11612,0.9739999771118164
https://openalex.org/W2541884796,https://openalex.org/T11980,0.9905999898910522
https://openalex.org/W2889326796,https://openalex.org/T10028,0.9995999932289124
https://openalex.org/W2889326796,https://openalex.org/T10181,1.0
https://openalex.org/W2889326796,https://openalex.org/T11714,0.9911999702453613
https://openalex.org/W2896457183,https://openalex.org/T10028,0.9998999834060669
https://openalex.org/W2896457183,https://openalex.org/T10181,0.9995999932289124
https://openalex.org/W2896457183,https://openalex.org/T10201,0.9976999759674072
https://openalex.org/W2936262349,https://openalex.org/T10028,0.9997000098228455
https://openalex.org/W2936262349,https://openalex.org/T10181,0.9966999888420105
https://openalex.org/W2936262349,https://openalex.org/T12031,0.9976000189781189
https://openalex.org/W2938704169,https://openalex.org/T10028,0.9983000159263611
https://openalex.org/W2938704169,https://openalex.org/T10181,0.9941999912261963
https://openalex.org/W2938704169,https://openalex.org/T13629,0.9674000144004822
https://openalex.org/W2946930197,https://openalex.org/T10764,0.9905999898910522
https://openalex.org/W2946930197,https://openalex.org/T11598,0.9854000210762024
https://openalex.org/W2946930197,https://openalex.org/T12034,0.9557999968528748
https://openalex.org/W2948223045,https://openalex.org/T10028,0.9998999834060669
https://openalex.org/W2948223045,https://openalex.org/T10181,0.9977999925613403
https://openalex.org/W2948223045,https://openalex.org/T11714,0.9854000210762024
https://openalex.org/W2949028947,https://openalex.org/T10028,0.9987000226974487
https://openalex.org/W2949028947,https://openalex.org/T11147,0.9940999746322632
https://openalex.org/W2949028947,https://openalex.org/T12262,0.9983000159263611
https://openalex.org/W2951534261,https://openalex.org/T10028,1.0
https://openalex.org/W2951534261,https://openalex.org/T10181,0.9997000098228455
https://openalex.org/W2951534261,https://openalex.org/T11714,0.9987000226974487
https://openalex.org/W2952230511,https://openalex.org/T10028,0.9998999834060669
https://openalex.org/W2952230511,https://openalex.org/T10181,1.0
https://openalex.org/W2952230511,https://openalex.org/T11714,0.9879999756813049
https://openalex.org/W2963383024,https://openalex.org/T10627,0.9922999739646912
https://openalex.org/W2963383024,https://openalex.org/T11307,0.9983999729156494
https://openalex.org/W2963383024,https://openalex.org/T11714,1.0
https://openalex.org/W2964015378,https://openalex.org/T11273,0.9991999864578247
https://openalex.org/W2964015378,https://openalex.org/T11307,0.9866999983787537
https://openalex.org/W2964015378,https://openalex.org/T12676,0.9864000082015991
https://openalex.org/W2973049837,https://openalex.org/T10028,0.9998999834060669
https://openalex.org/W2973049837,https://openalex.org/T10181,0.9997000098228455
https://openalex.org/W2973049837,https://openalex.org/T13083,0.9767000079154968
https://openalex.org/W2973727699,https://openalex.org/T10028,0.9998999834060669
https://openalex.org/W2973727699,https://openalex.org/T10181,0.9997000098228455
https://openalex.org/W2973727699,https://openalex.org/T10201,0.98089998960495
https://openalex.org/W2982399380,https://openalex.org/T10028,0.9998999834060669
https://openalex.org/W2982399380,https://openalex.org/T10181,0.9998000264167786
https://openalex.org/W2982399380,https://openalex.org/T13629,0.9911999702453613
https://openalex.org/W2983995706,https://openalex.org/T10028,0.9997000098228455
https://openalex.org/W2983995706,https://openalex.org/T10181,0.9977999925613403
https://openalex.org/W2983995706,https://openalex.org/T11273,0.9998000264167786
https://openalex.org/W3008686018,https://openalex.org/T10028,1.0
https://openalex.org/W3008686018,https://openalex.org/T10181,0.9993000030517578
https://openalex.org/W3008686018,https://openalex.org/T11714,0.9958999752998352
https://openalex.org/W3015453090,https://openalex.org/T10028,0.9998000264167786
https://openalex.org/W3015453090,https://openalex.org/T10181,0.9997000098228455
https://openalex.org/W3015453090,https://openalex.org/T10215,0.9991000294685364
https://openalex.org/W3015468748,https://openalex.org/T10028,0.9994000196456909
https://openalex.org/W3015468748,https://openalex.org/T10181,0.9983999729156494
https://openalex.org/W3015468748,https://openalex.org/T13650,0.9531000256538391
https://openalex.org/W3030163527,https://openalex.org/T10028,0.9998000264167786
https://openalex.org/W3030163527,https://openalex.org/T10181,0.9990000128746033
https://openalex.org/W3030163527,https://openalex.org/T13629,0.9868999719619751
https://openalex.org/W3034723486,https://openalex.org/T10028,0.9997000098228455
https://openalex.org/W3034723486,https://openalex.org/T10181,0.9994999766349792
https://openalex.org/W3034723486,https://openalex.org/T11714,0.9983999729156494
https://openalex.org/W3036601975,https://openalex.org/T10181,0.9987000226974487
https://openalex.org/W3036601975,https://openalex.org/T10201,0.9998000264167786
https://openalex.org/W3036601975,https://openalex.org/T11309,0.9987000226974487
https://openalex.org/W3037032032,https://openalex.org/T10028,0.9333000183105469
https://openalex.org/W3037032032,https://openalex.org/T11689,0.9068999886512756
https://openalex.org/W3037032032,https://openalex.org/T12026,0.9491999745368958
https://openalex.org/W3039017601,https://openalex.org/T10028,1.0
https://openalex.org/W3039017601,https://openalex.org/T10181,0.9980999827384949
https://openalex.org/W3039017601,https://openalex.org/T11714,0.9952999949455261
https://openalex.org/W3042667808,https://openalex.org/T10028,0.9998999834060669
https://openalex.org/W3042667808,https://openalex.org/T10181,0.9991000294685364
https://openalex.org/W3042667808,https://openalex.org/T11714,0.98580002784729
https://openalex.org/W3085177480,https://openalex.org/T10028,0.9998999834060669
https://openalex.org/W3085177480,https://openalex.org/T10181,0.9990000128746033
https://openalex.org/W3085177480,https://openalex.org/T13702,0.9735999703407288
https://openalex.org/W3088599783,https://openalex.org/T10028,0.9955999851226807
https://openalex.org/W3088599783,https://openalex.org/T10181,0.9915000200271606
https://openalex.org/W3088599783,https://openalex.org/T12262,0.9771000146865845
https://openalex.org/W3095319910,https://openalex.org/T10028,0.9121999740600586
https://openalex.org/W3095319910,https://openalex.org/T12002,0.9383999705314636
https://openalex.org/W3095319910,https://openalex.org/T13650,0.9585000276565552
https://openalex.org/W3098267758,https://openalex.org/T10028,1.0
https://openalex.org/W3098267758,https://openalex.org/T10181,0.9998999834060669
https://openalex.org/W3098267758,https://openalex.org/T12031,0.9907000064849854
https://openalex.org/W3112103703,https://openalex.org/T10028,0.586899995803833
https://openalex.org/W3112103703,https://openalex.org/T13702,0.6068000197410583
https://openalex.org/W3118781290,https://openalex.org/T10028,0.9998999834060669
https://openalex.org/W3118781290,https://openalex.org/T10181,0.9998999834060669
https://openalex.org/W3118781290,https://openalex.org/T10201,0.9923999905586243
https://openalex.org/W3122241445,https://openalex.org/T10028,0.9973999857902527
https://openalex.org/W3122241445,https://openalex.org/T10181,0.9822999835014343
https://openalex.org/W3122241445,https://openalex.org/T13702,0.9894999861717224
https://openalex.org/W3130033937,https://openalex.org/T10028,0.9860000014305115
https://openalex.org/W3130033937,https://openalex.org/T11307,0.998199999332428
https://openalex.org/W3130033937,https://openalex.org/T11714,1.0
https://openalex.org/W3130319171,https://openalex.org/T10028,0.9998999834060669
https://openalex.org/W3130319171,https://openalex.org/T10181,0.9997000098228455
https://openalex.org/W3130319171,https://openalex.org/T11714,0.995199978351593
https://openalex.org/W3133702157,https://openalex.org/T10028,0.9998999834060669
https://openalex.org/W3133702157,https://openalex.org/T10181,0.9997000098228455
https://openalex.org/W3133702157,https://openalex.org/T10260,0.9922000169754028
https://openalex.org/W3138815606,https://openalex.org/T10764,0.9925000071525574
https://openalex.org/W3138815606,https://openalex.org/T11512,0.9861999750137329
https://openalex.org/W3138815606,https://openalex.org/T11689,0.9998000264167786
https://openalex.org/W3152956381,https://openalex.org/T10028,0.9998999834060669
https://openalex.org/W3152956381,https://openalex.org/T10181,0.9994000196456909
https://openalex.org/W3152956381,https://openalex.org/T10201,0.9965999722480774
https://openalex.org/W3155807546,https://openalex.org/T10028,1.0
https://openalex.org/W3155807546,https://openalex.org/T10181,0.9973000288009644
https://openalex.org/W3155807546,https://openalex.org/T12031,0.9940999746322632
https://openalex.org/W3156470785,https://openalex.org/T10028,0.9998999834060669
https://openalex.org/W3156470785,https://openalex.org/T10181,0.9990000128746033
https://openalex.org/W3156470785,https://openalex.org/T10260,0.9732999801635742
https://openalex.org/W3168867926,https://openalex.org/T10028,0.9997000098228455
https://openalex.org/W3168867926,https://openalex.org/T10181,0.9952999949455261
https://openalex.org/W3168867926,https://openalex.org/T10201,0.9850999712944031
https://openalex.org/W3170647102,https://openalex.org/T10028,0.9990000128746033
https://openalex.org/W3170647102,https://openalex.org/T10036,0.9997000098228455
https://openalex.org/W3170647102,https://openalex.org/T12535,0.9993000030517578
https://openalex.org/W3172335055,https://openalex.org/T10028,0.9998999834060669
https://openalex.org/W3172335055,https://openalex.org/T10181,0.9995999932289124
https://openalex.org/W3172335055,https://openalex.org/T11714,0.989300012588501
https://openalex.org/W3174770825,https://openalex.org/T10028,0.9997000098228455
https://openalex.org/W3174770825,https://openalex.org/T10181,1.0
https://openalex.org/W3174770825,https://openalex.org/T10201,0.9958999752998352
https://openalex.org/W3176923149,https://openalex.org/T10028,0.9980999827384949
https://openalex.org/W3176923149,https://openalex.org/T11550,0.9901000261306763
https://openalex.org/W3176923149,https://openalex.org/T13702,0.9886000156402588
https://openalex.org/W3177813494,https://openalex.org/T10028,0.9944999814033508
https://openalex.org/W3177813494,https://openalex.org/T10054,0.9947999715805054
https://openalex.org/W3177813494,https://openalex.org/T10260,0.9975000023841858
https://openalex.org/W3184144760,https://openalex.org/T10028,0.9991999864578247
https://openalex.org/W3184144760,https://openalex.org/T10181,0.9958000183105469
https://openalex.org/W3184144760,https://openalex.org/T11714,0.9983999729156494
https://openalex.org/W3185341429,https://openalex.org/T10028,1.0
https://openalex.org/W3185341429,https://openalex.org/T10181,0.9997000098228455
https://openalex.org/W3185341429,https://openalex.org/T10664,0.9980000257492065
https://openalex.org/W3187255235,https://openalex.org/T10028,0.9998999834060669
https://openalex.org/W3187255235,https://openalex.org/T10181,0.9984999895095825
https://openalex.org/W3187255235,https://openalex.org/T11714,0.9954000115394592
https://openalex.org/W3195577433,https://openalex.org/T10028,0.9933000206947327
https://openalex.org/W3195577433,https://openalex.org/T11307,0.9958999752998352
https://openalex.org/W3195577433,https://openalex.org/T11689,0.9955999851226807
https://openalex.org/W3198685994,https://openalex.org/T10028,0.9886999726295471
https://openalex.org/W3198685994,https://openalex.org/T10260,0.9998000264167786
https://openalex.org/W3198685994,https://openalex.org/T11241,0.9922999739646912
https://openalex.org/W3203321135,https://openalex.org/T10028,0.9937000274658203
https://openalex.org/W3203321135,https://openalex.org/T10260,0.9886999726295471
https://openalex.org/W3203321135,https://openalex.org/T11704,0.9987000226974487
https://openalex.org/W3205068155,https://openalex.org/T10028,0.9997000098228455
https://openalex.org/W3205068155,https://openalex.org/T10181,0.9965000152587891
https://openalex.org/W3205068155,https://openalex.org/T11307,0.9958000183105469
https://openalex.org/W4211263275,https://openalex.org/T10260,0.9498000144958496
https://openalex.org/W4211263275,https://openalex.org/T10533,0.9976999759674072
https://openalex.org/W4211263275,https://openalex.org/T12002,0.944599986076355
https://openalex.org/W4221143046,https://openalex.org/T10028,0.9993000030517578
https://openalex.org/W4221143046,https://openalex.org/T10181,0.9988999962806702
https://openalex.org/W4221143046,https://openalex.org/T13629,0.9732999801635742
https://openalex.org/W4221161695,https://openalex.org/T10028,0.9987999796867371
https://openalex.org/W4221161695,https://openalex.org/T10181,0.9851999878883362
https://openalex.org/W4221161695,https://openalex.org/T11273,0.9660000205039978
https://openalex.org/W4224308101,https://openalex.org/T10028,0.9983999729156494
https://openalex.org/W4224308101,https://openalex.org/T10181,0.9948999881744385
https://openalex.org/W4224308101,https://openalex.org/T11714,0.9444000124931335
https://openalex.org/W4224912544,https://openalex.org/T10028,0.9912999868392944
https://openalex.org/W4224912544,https://openalex.org/T10181,0.9894000291824341
https://openalex.org/W4224912544,https://openalex.org/T11714,0.9995999932289124
https://openalex.org/W4225108562,https://openalex.org/T10260,0.998199999332428
https://openalex.org/W4225108562,https://openalex.org/T10430,0.9907000064849854
https://openalex.org/W4225108562,https://openalex.org/T12127,0.9914000034332275
https://openalex.org/W4225323055,https://openalex.org/T10627,0.972599983215332
https://openalex.org/W4225323055,https://openalex.org/T11307,0.9761999845504761
https://openalex.org/W4225323055,https://openalex.org/T11714,0.9998999834060669
https://openalex.org/W4225591000,https://openalex.org/T10028,0.9987000226974487
https://openalex.org/W4225591000,https://openalex.org/T10181,0.9987000226974487
https://openalex.org/W4225591000,https://openalex.org/T12072,0.9782000184059143
https://openalex.org/W4225747866,https://openalex.org/T10775,0.020899999886751175
https://openalex.org/W4225747866,https://openalex.org/T11307,0.14730000495910645
https://openalex.org/W4225747866,https://openalex.org/T11714,0.7184000015258789
https://openalex.org/W4226278401,https://openalex.org/T10028,0.9944000244140625
https://openalex.org/W4226278401,https://openalex.org/T10181,0.9628999829292297
https://openalex.org/W4226278401,https://openalex.org/T12026,0.9620000123977661
https://openalex.org/W4226399820,https://openalex.org/T10028,0.9993000030517578
https://openalex.org/W4226399820,https://openalex.org/T10181,0.9943000078201294
https://openalex.org/W4226399820,https://openalex.org/T12031,0.9807999730110168
https://openalex.org/W4281485151,https://openalex.org/T10028,0.9161999821662903
https://openalex.org/W4281485151,https://openalex.org/T11714,0.9294999837875366
https://openalex.org/W4281485151,https://openalex.org/T13910,0.9023000001907349
https://openalex.org/W4281557260,https://openalex.org/T10028,0.9991000294685364
https://openalex.org/W4281557260,https://openalex.org/T10181,0.9988999962806702
https://openalex.org/W4281557260,https://openalex.org/T13629,0.983299970626831
https://openalex.org/W4281690148,https://openalex.org/T10028,0.986299991607666
https://openalex.org/W4281690148,https://openalex.org/T11636,0.9394999742507935
https://openalex.org/W4281763794,https://openalex.org/T10028,0.9980000257492065
https://openalex.org/W4281763794,https://openalex.org/T10181,0.993399977684021
https://openalex.org/W4281763794,https://openalex.org/T10260,0.9980999827384949
https://openalex.org/W4283026156,https://openalex.org/T10028,0.9977999925613403
https://openalex.org/W4283026156,https://openalex.org/T12072,0.9839000105857849
https://openalex.org/W4283026156,https://openalex.org/T12535,0.9896000027656555
https://openalex.org/W4283170666,https://openalex.org/T10883,0.9908999800682068
https://openalex.org/W4283170666,https://openalex.org/T12262,0.9983999729156494
https://openalex.org/W4283705032,https://openalex.org/T10260,0.9972000122070312
https://openalex.org/W4283705032,https://openalex.org/T10533,0.9988999962806702
https://openalex.org/W4283705032,https://openalex.org/T10743,0.9890999794006348
https://openalex.org/W4287689466,https://openalex.org/T11512,0.9527999758720398
https://openalex.org/W4287689466,https://openalex.org/T11550,0.9553999900817871
https://openalex.org/W4287689466,https://openalex.org/T11652,0.9606000185012817
https://openalex.org/W4292779060,https://openalex.org/T10028,0.9977999925613403
https://openalex.org/W4292779060,https://openalex.org/T10181,0.9945999979972839
https://openalex.org/W4292779060,https://openalex.org/T13629,0.9848999977111816
https://openalex.org/W4293718192,https://openalex.org/T10028,0.9760000109672546
https://openalex.org/W4293718192,https://openalex.org/T10036,0.9872000217437744
https://openalex.org/W4293718192,https://openalex.org/T11307,0.9700000286102295
https://openalex.org/W4297801719,https://openalex.org/T10028,0.9991000294685364
https://openalex.org/W4297801719,https://openalex.org/T10181,0.9830999970436096
https://openalex.org/W4297801719,https://openalex.org/T10664,0.9850999712944031
https://openalex.org/W4298289240,https://openalex.org/T10775,0.9984999895095825
https://openalex.org/W4298289240,https://openalex.org/T11309,0.9797000288963318
https://openalex.org/W4298289240,https://openalex.org/T14339,0.9660000205039978
https://openalex.org/W4304195432,https://openalex.org/T10028,0.9943000078201294
https://openalex.org/W4304195432,https://openalex.org/T10181,0.9544000029563904
https://openalex.org/W4304195432,https://openalex.org/T12026,0.9132000207901001
https://openalex.org/W4307079201,https://openalex.org/T10028,0.9977999925613403
https://openalex.org/W4307079201,https://openalex.org/T10181,0.9962000250816345
https://openalex.org/W4307079201,https://openalex.org/T13629,0.9811000227928162
https://openalex.org/W4307888124,https://openalex.org/T11122,0.9997000098228455
https://openalex.org/W4307888124,https://openalex.org/T11902,0.9803000092506409
https://openalex.org/W4307888124,https://openalex.org/T12026,0.9761999845504761
https://openalex.org/W4309674289,https://openalex.org/T10028,0.9998999834060669
https://openalex.org/W4309674289,https://openalex.org/T10181,0.9958999752998352
https://openalex.org/W4309674289,https://openalex.org/T11714,0.9803000092506409
https://openalex.org/W4311642023,https://openalex.org/T10028,0.9968000054359436
https://openalex.org/W4311642023,https://openalex.org/T10181,0.9876000285148621
https://openalex.org/W4311642023,https://openalex.org/T12535,0.9599999785423279
https://openalex.org/W4312220150,https://openalex.org/T10028,0.9997000098228455
https://openalex.org/W4312220150,https://openalex.org/T10181,0.9897000193595886
https://openalex.org/W4312220150,https://openalex.org/T13702,0.9984999895095825
https://openalex.org/W4313485929,https://openalex.org/T10044,0.9846000075340271
https://openalex.org/W4313485929,https://openalex.org/T10211,0.9998999834060669
https://openalex.org/W4313485929,https://openalex.org/T11948,0.9998000264167786
https://openalex.org/W4318014888,https://openalex.org/T10883,0.960099995136261
https://openalex.org/W4318014888,https://openalex.org/T11995,0.9258999824523926
https://openalex.org/W4318014888,https://openalex.org/T12026,0.9854999780654907
https://openalex.org/W4318464200,https://openalex.org/T10028,0.9539999961853027
https://openalex.org/W4318464200,https://openalex.org/T11636,0.9514999985694885
https://openalex.org/W4318464200,https://openalex.org/T13629,0.9455000162124634
https://openalex.org/W4318718936,https://openalex.org/T10181,0.96670001745224
https://openalex.org/W4318718936,https://openalex.org/T11307,0.980400025844574
https://openalex.org/W4318718936,https://openalex.org/T11714,0.9976999759674072
https://openalex.org/W4319831789,https://openalex.org/T10430,0.9836999773979187
https://openalex.org/W4319831789,https://openalex.org/T14306,0.9621999859809875
https://openalex.org/W4320495408,https://openalex.org/T10028,0.9975000023841858
https://openalex.org/W4320495408,https://openalex.org/T11307,0.9812999963760376
https://openalex.org/W4320495408,https://openalex.org/T11636,0.9879999756813049
https://openalex.org/W4321649710,https://openalex.org/T10028,0.9501000046730042
https://openalex.org/W4321649710,https://openalex.org/T10260,0.994700014591217
https://openalex.org/W4321649710,https://openalex.org/T10430,0.9681000113487244
https://openalex.org/W4322718191,https://openalex.org/T10028,0.996999979019165
https://openalex.org/W4322718191,https://openalex.org/T10181,0.9983999729156494
https://openalex.org/W4322718191,https://openalex.org/T10201,0.965499997138977
https://openalex.org/W4322766882,https://openalex.org/T10028,0.9994000196456909
https://openalex.org/W4322766882,https://openalex.org/T10181,0.9991999864578247
https://openalex.org/W4322766882,https://openalex.org/T11714,0.9847999811172485
https://openalex.org/W4327810158,https://openalex.org/T10028,0.9754999876022339
https://openalex.org/W4362466759,https://openalex.org/T10609,0.9830999970436096
https://openalex.org/W4362466759,https://openalex.org/T11636,0.9835000038146973
https://openalex.org/W4362466759,https://openalex.org/T12128,0.9998999834060669
https://openalex.org/W4362515116,https://openalex.org/T10028,0.9923999905586243
https://openalex.org/W4362515116,https://openalex.org/T10181,0.9876000285148621
https://openalex.org/W4362581834,https://openalex.org/T11122,0.9763000011444092
https://openalex.org/W4362581834,https://openalex.org/T11636,0.9957000017166138
https://openalex.org/W4362581834,https://openalex.org/T12128,0.9966999888420105
https://openalex.org/W4365143687,https://openalex.org/T11636,0.9987000226974487
https://openalex.org/W4365143687,https://openalex.org/T12422,0.986299991607666
https://openalex.org/W4365143687,https://openalex.org/T13702,0.9987999796867371
https://openalex.org/W4366208220,https://openalex.org/T10036,0.9976999759674072
https://openalex.org/W4366208220,https://openalex.org/T11307,0.9994000196456909
https://openalex.org/W4366208220,https://openalex.org/T11714,0.9998000264167786
https://openalex.org/W4366330503,https://openalex.org/T10181,0.9779999852180481
https://openalex.org/W4366330503,https://openalex.org/T11307,0.9842000007629395
https://openalex.org/W4366330503,https://openalex.org/T11714,0.9995999932289124
https://openalex.org/W4366850747,https://openalex.org/T10028,0.9865999817848206
https://openalex.org/W4366850747,https://openalex.org/T10181,0.9901999831199646
https://openalex.org/W4366850747,https://openalex.org/T11714,0.9994999766349792
https://openalex.org/W4367055910,https://openalex.org/T10862,0.9988999962806702
https://openalex.org/W4367055910,https://openalex.org/T11775,0.9983000159263611
https://openalex.org/W4367055910,https://openalex.org/T12422,0.9976999759674072
https://openalex.org/W4367595583,https://openalex.org/T10028,0.9991999864578247
https://openalex.org/W4367595583,https://openalex.org/T11636,0.9968000054359436
https://openalex.org/W4367595583,https://openalex.org/T12026,0.989799976348877
https://openalex.org/W4367678106,https://openalex.org/T10028,0.9934999942779541
https://openalex.org/W4367678106,https://openalex.org/T11636,0.9961000084877014
https://openalex.org/W4367678106,https://openalex.org/T12128,0.9994999766349792
https://openalex.org/W4376226279,https://openalex.org/T10824,0.9948999881744385
https://openalex.org/W4376226279,https://openalex.org/T11307,0.9958000183105469
https://openalex.org/W4376226279,https://openalex.org/T11714,0.9991000294685364
https://openalex.org/W4377130677,https://openalex.org/T10028,0.9983000159263611
https://openalex.org/W4377130677,https://openalex.org/T10181,0.9889000058174133
https://openalex.org/W4377130677,https://openalex.org/T11714,0.9501000046730042
https://openalex.org/W4378189609,https://openalex.org/T10028,0.9998999834060669
https://openalex.org/W4378189609,https://openalex.org/T10181,0.9997000098228455
https://openalex.org/W4378189609,https://openalex.org/T12031,0.9847000241279602
https://openalex.org/W4379598302,https://openalex.org/T10028,0.9988999962806702
https://openalex.org/W4379598302,https://openalex.org/T10181,0.9753000140190125
https://openalex.org/W4379598302,https://openalex.org/T13629,0.975600004196167
https://openalex.org/W4379769651,https://openalex.org/T10028,0.9883999824523926
https://openalex.org/W4379769651,https://openalex.org/T11636,0.9950000047683716
https://openalex.org/W4379769651,https://openalex.org/T13702,0.9997000098228455
https://openalex.org/W4380353763,https://openalex.org/T10028,0.998199999332428
https://openalex.org/W4380353763,https://openalex.org/T12031,0.9966999888420105
https://openalex.org/W4380353763,https://openalex.org/T12128,0.9829999804496765
https://openalex.org/W4380874786,https://openalex.org/T10054,0.9987999796867371
https://openalex.org/W4380874786,https://openalex.org/T10101,0.9988999962806702
https://openalex.org/W4380874786,https://openalex.org/T10829,0.9983000159263611
https://openalex.org/W4381252028,https://openalex.org/T10211,0.9871000051498413
https://openalex.org/W4381252028,https://openalex.org/T11636,0.9656000137329102
https://openalex.org/W4381252028,https://openalex.org/T11948,0.9696999788284302
https://openalex.org/W4381511236,https://openalex.org/T11122,0.9937999844551086
https://openalex.org/W4381511236,https://openalex.org/T11636,0.9509000182151794
https://openalex.org/W4382246105,https://openalex.org/T10028,0.9998999834060669
https://openalex.org/W4382246105,https://openalex.org/T10181,0.9988999962806702
https://openalex.org/W4382246105,https://openalex.org/T11714,0.9769999980926514
https://openalex.org/W4383097638,https://openalex.org/T10462,0.9941999912261963
https://openalex.org/W4383097638,https://openalex.org/T10653,0.9976999759674072
https://openalex.org/W4383097638,https://openalex.org/T11714,0.9980000257492065
https://openalex.org/W4383108457,https://openalex.org/T10028,0.9994000196456909
https://openalex.org/W4383108457,https://openalex.org/T10181,0.9987999796867371
https://openalex.org/W4383108457,https://openalex.org/T11714,0.9993000030517578
https://openalex.org/W4384071683,https://openalex.org/T10028,0.9991999864578247
https://openalex.org/W4384071683,https://openalex.org/T10181,0.9819999933242798
https://openalex.org/W4384071683,https://openalex.org/T11636,0.9889000058174133
https://openalex.org/W4384662964,https://openalex.org/T10028,0.9994999766349792
https://openalex.org/W4384662964,https://openalex.org/T10181,0.9926000237464905
https://openalex.org/W4384662964,https://openalex.org/T11147,0.9908999800682068
https://openalex.org/W4384918448,https://openalex.org/T10028,0.9994999766349792
https://openalex.org/W4384918448,https://openalex.org/T10181,0.9937000274658203
https://openalex.org/W4384918448,https://openalex.org/T12031,0.9934999942779541
https://openalex.org/W4384934594,https://openalex.org/T11636,0.9243000149726868
https://openalex.org/W4384934594,https://openalex.org/T12128,0.9804999828338623
https://openalex.org/W4384934594,https://openalex.org/T14182,0.9570000171661377
https://openalex.org/W4385245566,https://openalex.org/T10028,0.9962000250816345
https://openalex.org/W4385245566,https://openalex.org/T10181,0.9998000264167786
https://openalex.org/W4385245566,https://openalex.org/T11714,0.991599977016449
https://openalex.org/W4385416665,https://openalex.org/T10775,0.9958000183105469
https://openalex.org/W4385416665,https://openalex.org/T11181,0.9442999958992004
https://openalex.org/W4385416665,https://openalex.org/T12026,0.9542999863624573
https://openalex.org/W4385452929,https://openalex.org/T10270,0.9832000136375427
https://openalex.org/W4385452929,https://openalex.org/T10764,0.9919999837875366
https://openalex.org/W4385452929,https://openalex.org/T11344,0.9758999943733215
https://openalex.org/W4385567149,https://openalex.org/T10028,0.9993000030517578
https://openalex.org/W4385567149,https://openalex.org/T10181,0.9954000115394592
https://openalex.org/W4385567149,https://openalex.org/T10201,0.9803000092506409
https://openalex.org/W4385572634,https://openalex.org/T10181,0.9373000264167786
https://openalex.org/W4385988359,https://openalex.org/T10028,0.9973999857902527
https://openalex.org/W4385988359,https://openalex.org/T11636,0.9952999949455261
https://openalex.org/W4385988359,https://openalex.org/T13702,0.9818999767303467
https://openalex.org/W4386417345,https://openalex.org/T11122,0.9951000213623047
https://openalex.org/W4386417345,https://openalex.org/T11636,0.9901999831199646
https://openalex.org/W4386417345,https://openalex.org/T13482,0.9212999939918518
https://openalex.org/W4386693657,https://openalex.org/T10883,0.9746999740600586
https://openalex.org/W4386693657,https://openalex.org/T11986,0.9782999753952026
https://openalex.org/W4386693657,https://openalex.org/T12128,0.9807999730110168
https://openalex.org/W4386728933,https://openalex.org/T10028,0.9994999766349792
https://openalex.org/W4386728933,https://openalex.org/T10203,0.9973000288009644
https://openalex.org/W4386728933,https://openalex.org/T13702,0.9855999946594238
https://openalex.org/W4387321091,https://openalex.org/T10028,0.9994999766349792
https://openalex.org/W4387321091,https://openalex.org/T10181,0.988099992275238
https://openalex.org/W4387321091,https://openalex.org/T11478,0.9872000217437744
https://openalex.org/W4387356888,https://openalex.org/T10028,0.9908999800682068
https://openalex.org/W4387356888,https://openalex.org/T11636,0.9812999963760376
https://openalex.org/W4387356888,https://openalex.org/T13629,0.9962000250816345
https://openalex.org/W4387835442,https://openalex.org/T10462,0.9945999979972839
https://openalex.org/W4387835442,https://openalex.org/T10709,0.9955999851226807
https://openalex.org/W4387835442,https://openalex.org/T11574,0.9961000084877014
https://openalex.org/W4387954002,https://openalex.org/T10028,0.9959999918937683
https://openalex.org/W4387954002,https://openalex.org/T11636,0.963100016117096
https://openalex.org/W4387954002,https://openalex.org/T13629,0.9908999800682068
https://openalex.org/W4388488609,https://openalex.org/T10709,0.9937999844551086
https://openalex.org/W4388488609,https://openalex.org/T12031,0.9955999851226807
https://openalex.org/W4388488609,https://openalex.org/T12128,0.9890000224113464
https://openalex.org/W4388886073,https://openalex.org/T10028,0.9962999820709229
https://openalex.org/W4388886073,https://openalex.org/T10260,0.9753000140190125
https://openalex.org/W4388886073,https://openalex.org/T11689,0.9793000221252441
https://openalex.org/W4389210056,https://openalex.org/T10636,0.9902999997138977
https://openalex.org/W4389210056,https://openalex.org/T11122,0.9990000128746033
https://openalex.org/W4389210056,https://openalex.org/T11902,0.9951000213623047
https://openalex.org/W4389326242,https://openalex.org/T10028,0.9882000088691711
https://openalex.org/W4389326242,https://openalex.org/T10320,0.9919000267982483
https://openalex.org/W4389326242,https://openalex.org/T12072,0.9542999863624573
https://openalex.org/W4389359039,https://openalex.org/T10028,0.9717000126838684
https://openalex.org/W4389359039,https://openalex.org/T11948,0.9659000039100647
https://openalex.org/W4389359039,https://openalex.org/T12026,0.9916999936103821
https://openalex.org/W4389519118,https://openalex.org/T10028,0.9843000173568726
https://openalex.org/W4389519118,https://openalex.org/T10181,0.9057000279426575
https://openalex.org/W4389519254,https://openalex.org/T10028,0.9987000226974487
https://openalex.org/W4389519254,https://openalex.org/T10181,0.9966999888420105
https://openalex.org/W4389519254,https://openalex.org/T13629,0.9696999788284302
https://openalex.org/W4389519587,https://openalex.org/T10627,0.9781000018119812
https://openalex.org/W4389519587,https://openalex.org/T11307,0.9876000285148621
https://openalex.org/W4389519587,https://openalex.org/T11714,0.9995999932289124
https://openalex.org/W4389520749,https://openalex.org/T10028,0.9972000122070312
https://openalex.org/W4389520749,https://openalex.org/T13629,0.9821000099182129
https://openalex.org/W4389520749,https://openalex.org/T13702,0.9574000239372253
https://openalex.org/W4389523832,https://openalex.org/T10028,0.9007999897003174
https://openalex.org/W4389523832,https://openalex.org/T11714,0.9567999839782715
https://openalex.org/W4389523957,https://openalex.org/T10028,0.9991999864578247
https://openalex.org/W4389523957,https://openalex.org/T10181,0.9843000173568726
https://openalex.org/W4389523957,https://openalex.org/T12026,0.9914000034332275
https://openalex.org/W4389636360,https://openalex.org/T10028,0.9901000261306763
https://openalex.org/W4389636360,https://openalex.org/T10181,0.9291999936103821
https://openalex.org/W4389636360,https://openalex.org/T13910,0.989300012588501
https://openalex.org/W4389727268,https://openalex.org/T11269,0.9749000072479248
https://openalex.org/W4389727268,https://openalex.org/T11574,0.9778000116348267
https://openalex.org/W4389727268,https://openalex.org/T12002,0.9818000197410583
https://openalex.org/W4389984066,https://openalex.org/T10028,0.9979000091552734
https://openalex.org/W4389984066,https://openalex.org/T10181,0.9476000070571899
https://openalex.org/W4390490761,https://openalex.org/T10028,0.9972000122070312
https://openalex.org/W4390490761,https://openalex.org/T12026,0.9994000196456909
https://openalex.org/W4390490761,https://openalex.org/T13702,0.9894000291824341
https://openalex.org/W4390692489,https://openalex.org/T10028,0.9998999834060669
https://openalex.org/W4390692489,https://openalex.org/T10181,0.9990000128746033
https://openalex.org/W4390692489,https://openalex.org/T11273,0.9997000098228455
https://openalex.org/W4391136507,https://openalex.org/T10028,0.9988999962806702
https://openalex.org/W4391136507,https://openalex.org/T10181,0.9848999977111816
https://openalex.org/W4391136507,https://openalex.org/T11636,0.9818000197410583
https://openalex.org/W4391848979,https://openalex.org/T11636,0.974399983882904
https://openalex.org/W4391848979,https://openalex.org/T12026,0.9994999766349792
https://openalex.org/W4391848979,https://openalex.org/T13702,0.9840999841690063
https://openalex.org/W4391855109,https://openalex.org/T10028,0.9998999834060669
https://openalex.org/W4391855109,https://openalex.org/T10181,0.998199999332428
https://openalex.org/W4391855109,https://openalex.org/T11719,0.9846000075340271
https://openalex.org/W4391876619,https://openalex.org/T10028,0.9997000098228455
https://openalex.org/W4391876619,https://openalex.org/T10181,0.9991999864578247
https://openalex.org/W4391876619,https://openalex.org/T11714,0.9485999941825867
https://openalex.org/W4391974543,https://openalex.org/T10260,0.9994000196456909
https://openalex.org/W4391974543,https://openalex.org/T10743,1.0
https://openalex.org/W4391974543,https://openalex.org/T12423,0.9984999895095825
https://openalex.org/W4392193048,https://openalex.org/T10028,0.9988999962806702
https://openalex.org/W4392193048,https://openalex.org/T11710,0.9961000084877014
https://openalex.org/W4392193048,https://openalex.org/T13702,0.9932000041007996
https://openalex.org/W4392353733,https://openalex.org/T10028,0.979200005531311
https://openalex.org/W4392353733,https://openalex.org/T10764,0.9977999925613403
https://openalex.org/W4392353733,https://openalex.org/T10927,0.9556999802589417
https://openalex.org/W4392773210,https://openalex.org/T10533,0.9387999773025513
https://openalex.org/W4392773210,https://openalex.org/T13280,0.9269000291824341
https://openalex.org/W4392773210,https://openalex.org/T13482,0.9398000240325928
https://openalex.org/W4393065402,https://openalex.org/T10028,0.9969000220298767
https://openalex.org/W4393065402,https://openalex.org/T10462,0.9987999796867371
https://openalex.org/W4393065402,https://openalex.org/T11714,0.9944999814033508
https://openalex.org/W4393148714,https://openalex.org/T10028,0.6010000109672546
https://openalex.org/W4393148714,https://openalex.org/T10181,0.6589999794960022
https://openalex.org/W4393148714,https://openalex.org/T13523,0.6435999870300293
https://openalex.org/W4393160302,https://openalex.org/T10028,0.838699996471405
https://openalex.org/W4393160302,https://openalex.org/T10181,0.753600001335144
https://openalex.org/W4394828156,https://openalex.org/T10028,0.9954000115394592
https://openalex.org/W4394828156,https://openalex.org/T10260,0.9782000184059143
https://openalex.org/W4394828156,https://openalex.org/T11714,0.9736999869346619
https://openalex.org/W4394828356,https://openalex.org/T10036,0.9965999722480774
https://openalex.org/W4394828356,https://openalex.org/T11636,0.9941999912261963
https://openalex.org/W4394828356,https://openalex.org/T11775,0.9934999942779541
https://openalex.org/W4394994587,https://openalex.org/T10028,0.9998000264167786
https://openalex.org/W4394994587,https://openalex.org/T10203,0.9998000264167786
https://openalex.org/W4394994587,https://openalex.org/T11273,0.9980999827384949
https://openalex.org/W4398201291,https://openalex.org/T10775,0.9682000279426575
https://openalex.org/W4398201291,https://openalex.org/T10862,0.9997000098228455
https://openalex.org/W4398201291,https://openalex.org/T12422,0.9958000183105469
https://openalex.org/W4399083018,https://openalex.org/T10350,0.9950000047683716
https://openalex.org/W4399083018,https://openalex.org/T11636,0.991100013256073
https://openalex.org/W4399083018,https://openalex.org/T13702,0.9954000115394592
https://openalex.org/W4399528455,https://openalex.org/T10028,0.9965000152587891
https://openalex.org/W4399528455,https://openalex.org/T10181,0.9908000230789185
https://openalex.org/W4399528455,https://openalex.org/T12262,0.991100013256073
https://openalex.org/W4399567248,https://openalex.org/T10862,0.9987000226974487
https://openalex.org/W4399567248,https://openalex.org/T11710,0.984499990940094
https://openalex.org/W4399567248,https://openalex.org/T13702,0.9544000029563904
https://openalex.org/W4399803256,https://openalex.org/T10028,0.9998000264167786
https://openalex.org/W4399803256,https://openalex.org/T12026,0.991599977016449
https://openalex.org/W4399803256,https://openalex.org/T13702,0.9857000112533569
https://openalex.org/W4400949264,https://openalex.org/T10028,0.9975000023841858
https://openalex.org/W4400949264,https://openalex.org/T10775,0.986299991607666
https://openalex.org/W4400949264,https://openalex.org/T11307,0.9772999882698059
https://openalex.org/W4401306886,https://openalex.org/T10028,0.9939000010490417
https://openalex.org/W4401306886,https://openalex.org/T10181,0.9980999827384949
https://openalex.org/W4401306886,https://openalex.org/T13629,0.9811000227928162
https://openalex.org/W4401726555,https://openalex.org/T10320,0.3174000084400177
https://openalex.org/W4401726555,https://openalex.org/T11512,0.27070000767707825
https://openalex.org/W4401834466,https://openalex.org/T10028,0.9994999766349792
https://openalex.org/W4401834466,https://openalex.org/T10203,0.9994999766349792
https://openalex.org/W4401834466,https://openalex.org/T11273,0.9886000156402588
https://openalex.org/W4401857375,https://openalex.org/T10028,0.996399998664856
https://openalex.org/W4401857375,https://openalex.org/T10181,0.9980999827384949
https://openalex.org/W4401857375,https://openalex.org/T10215,0.987500011920929
https://openalex.org/W4402128637,https://openalex.org/T10731,0.9904999732971191
https://openalex.org/W4402128637,https://openalex.org/T11122,0.9975000023841858
https://openalex.org/W4402128637,https://openalex.org/T11902,0.9983000159263611
https://openalex.org/W4402665833,https://openalex.org/T10260,0.9993000030517578
https://openalex.org/W4402665833,https://openalex.org/T10430,0.9937000274658203
https://openalex.org/W4402665833,https://openalex.org/T12127,0.996999979019165
https://openalex.org/W4402670856,https://openalex.org/T10181,0.5774000287055969
https://openalex.org/W4402713111,https://openalex.org/T10627,0.9907000064849854
https://openalex.org/W4402713111,https://openalex.org/T10812,0.9909999966621399
https://openalex.org/W4402713111,https://openalex.org/T11714,0.9998000264167786
https://openalex.org/W4403102965,https://openalex.org/T11122,0.9887999892234802
https://openalex.org/W4403102965,https://openalex.org/T12408,0.9829999804496765
https://openalex.org/W4403102965,https://openalex.org/T13482,0.9890000224113464
https://openalex.org/W4403402994,https://openalex.org/T10211,0.9983000159263611
https://openalex.org/W4403402994,https://openalex.org/T11407,0.972599983215332
https://openalex.org/W4403402994,https://openalex.org/T12255,0.9793000221252441
https://openalex.org/W4404046121,https://openalex.org/T11937,0.9941999912261963
https://openalex.org/W4404046121,https://openalex.org/T11986,0.9897000193595886
https://openalex.org/W4404046121,https://openalex.org/T13937,0.9434000253677368
https://openalex.org/W4404356490,https://openalex.org/T10028,0.9991000294685364
https://openalex.org/W4404356490,https://openalex.org/T10181,0.9936000108718872
https://openalex.org/W4404356490,https://openalex.org/T11714,0.9998999834060669
https://openalex.org/W4404534210,https://openalex.org/T10028,0.9926000237464905
https://openalex.org/W4404534210,https://openalex.org/T12808,0.9868000149726868
https://openalex.org/W4404534210,https://openalex.org/T13629,0.9686999917030334
https://openalex.org/W4404782964,https://openalex.org/T11902,0.43059998750686646
https://openalex.org/W4405211386,https://openalex.org/T11122,0.9976000189781189
https://openalex.org/W4405211386,https://openalex.org/T11636,0.9876999855041504
https://openalex.org/W4405211386,https://openalex.org/T11902,0.9929999709129333
https://openalex.org/W4405318562,https://openalex.org/T11122,0.9954000115394592
https://openalex.org/W4405318562,https://openalex.org/T11636,0.991100013256073
https://openalex.org/W4405318562,https://openalex.org/T11902,0.9868999719619751
https://openalex.org/W4406152279,https://openalex.org/T10028,0.9954000115394592
https://openalex.org/W4406152279,https://openalex.org/T13702,0.902999997138977
https://openalex.org/W4406170795,https://openalex.org/T11652,0.9625999927520752
https://openalex.org/W4406170795,https://openalex.org/T12026,0.9908000230789185
https://openalex.org/W4406170795,https://openalex.org/T12535,0.9994000196456909
https://openalex.org/W4406633314,https://openalex.org/T10211,0.9990000128746033
https://openalex.org/W4406633314,https://openalex.org/T11948,0.9923999905586243
https://openalex.org/W4406633314,https://openalex.org/T12859,0.9760000109672546
https://openalex.org/W4406779522,https://openalex.org/T10260,0.8632000088691711
https://openalex.org/W4406779522,https://openalex.org/T11652,0.8411999940872192
https://openalex.org/W4406779522,https://openalex.org/T14351,0.8392999768257141
https://openalex.org/W4406800520,https://openalex.org/T10028,0.9991999864578247
https://openalex.org/W4406800520,https://openalex.org/T10181,0.9965999722480774
https://openalex.org/W4406800520,https://openalex.org/T10462,0.996999979019165
https://openalex.org/W4409885395,https://openalex.org/T11715,0.9922999739646912
https://openalex.org/W4409885395,https://openalex.org/T11902,0.9955999851226807
https://openalex.org/W4409885395,https://openalex.org/T12128,0.9887999892234802
https://openalex.org/W4411403346,https://openalex.org/T10028,0.9998999834060669
https://openalex.org/W4411403346,https://openalex.org/T10181,0.9987000226974487
https://openalex.org/W4411403346,https://openalex.org/T11714,0.994700014591217
https://openalex.org/W4411630045,https://openalex.org/T12031,0.8762999773025513
https://openalex.org/W4414281281,https://openalex.org/T10462,0.9980000257492065
https://openalex.org/W4414281281,https://openalex.org/T12026,0.961899995803833
https://openalex.org/W4414281281,https://openalex.org/T12761,0.9822999835014343
https://openalex.org/W7133211372,https://openalex.org/T11516,0.061400000005960464
https://openalex.org/W7133211372,https://openalex.org/T11902,0.26179999113082886
https://openalex.org/W7133211372,https://openalex.org/T12031,0.18250000476837158
https://openalex.org/W7133224126,https://openalex.org/T10028,0.17430000007152557
https://openalex.org/W7133224126,https://openalex.org/T11596,0.059700001031160355
https://openalex.org/W7133224126,https://openalex.org/T11714,0.1670999974012375
https://openalex.org/W7133227460,https://openalex.org/T10789,0.09570000320672989
https://openalex.org/W7133227460,https://openalex.org/T11707,0.1395999938249588
https://openalex.org/W7133227460,https://openalex.org/T12607,0.13539999723434448
https://openalex.org/W7133231369,https://openalex.org/T10883,0.13289999961853027
https://openalex.org/W7133231369,https://openalex.org/T12026,0.179299995303154
https://openalex.org/W7133231369,https://openalex.org/T14347,0.08179999887943268
