id,name
https://openalex.org/P4310310987,Multidisciplinary Digital Publishing Institute
https://openalex.org/P4310311648,Oxford University Press
https://openalex.org/P4310311721,Cambridge University Press
https://openalex.org/P4310311889,Higher Education Press
https://openalex.org/P4310313770,Schloss Dagstuhl — Leibniz-Zentrum fuer Informatik
https://openalex.org/P4310319798,Association for Computing Machinery
https://openalex.org/P4310319808,Institute of Electrical and Electronics Engineers
https://openalex.org/P4310319811,Emerald Publishing Limited
https://openalex.org/P4310319900,Springer Science+Business Media
https://openalex.org/P4310319908,Nature Portfolio
https://openalex.org/P4310319965,Springer Nature
https://openalex.org/P4310320052,National Academy of Sciences
https://openalex.org/P4310320058,Association for the Advancement of Artificial Intelligence
https://openalex.org/P4310320244,Association for Computational Linguistics
https://openalex.org/P4310320439,IEEE Computer Society
https://openalex.org/P4310320547,Taylor & Francis
https://openalex.org/P4310320595,Wiley
https://openalex.org/P4310320990,Elsevier BV
https://openalex.org/P4328143497,Modestum Limited
