id,name,field_id
https://openalex.org/subfields/1304,Biophysics,https://openalex.org/fields/13
https://openalex.org/subfields/1312,Molecular Biology,https://openalex.org/fields/13
https://openalex.org/subfields/1404,Management Information Systems,https://openalex.org/fields/14
https://openalex.org/subfields/1702,Artificial Intelligence,https://openalex.org/fields/17
https://openalex.org/subfields/1703,Computational Theory and Mathematics,https://openalex.org/fields/17
https://openalex.org/subfields/1705,Computer Networks and Communications,https://openalex.org/fields/17
https://openalex.org/subfields/1706,Computer Science Applications,https://openalex.org/fields/17
https://openalex.org/subfields/1707,Computer Vision and Pattern Recognition,https://openalex.org/fields/17
https://openalex.org/subfields/1708,Hardware and Architecture,https://openalex.org/fields/17
https://openalex.org/subfields/1709,Human-Computer Interaction,https://openalex.org/fields/17
https://openalex.org/subfields/1710,Information Systems,https://openalex.org/fields/17
https://openalex.org/subfields/1711,Signal Processing,https://openalex.org/fields/17
https://openalex.org/subfields/1712,Software,https://openalex.org/fields/17
https://openalex.org/subfields/1802,Information Systems and Management,https://openalex.org/fields/18
https://openalex.org/subfields/1803,Management Science and Operations Research,https://openalex.org/fields/18
https://openalex.org/subfields/2204,Biomedical Engineering,https://openalex.org/fields/22
https://openalex.org/subfields/2207,Control and Systems Engineering,https://openalex.org/fields/22
https://openalex.org/subfields/2208,Electrical and Electronic Engineering,https://openalex.org/fields/22
https://openalex.org/subfields/2213,"Safety, Risk, Reliability and Quality",https://openalex.org/fields/22
https://openalex.org/subfields/2215,Building and Construction,https://openalex.org/fields/22
https://openalex.org/subfields/2403,Immunology,https://openalex.org/fields/24
https://openalex.org/subfields/2505,Materials Chemistry,https://openalex.org/fields/25
https://openalex.org/subfields/2718,Health Informatics,https://openalex.org/fields/27
https://openalex.org/subfields/2741,"Radiology, Nuclear Medicine and Imaging",https://openalex.org/fields/27
https://openalex.org/subfields/3204,Developmental and Educational Psychology,https://openalex.org/fields/32
https://openalex.org/subfields/3205,Experimental and Cognitive Psychology,https://openalex.org/fields/32
https://openalex.org/subfields/3207,Social Psychology,https://openalex.org/fields/32
https://openalex.org/subfields/3300,General Social Sciences,https://openalex.org/fields/33
https://openalex.org/subfields/3304,Education,https://openalex.org/fields/33
https://openalex.org/subfields/3311,Safety Research,https://openalex.org/fields/33
https://openalex.org/subfields/3312,Sociology and Political Science,https://openalex.org/fields/33
https://openalex.org/subfields/3313,Transportation,https://openalex.org/fields/33
https://openalex.org/subfields/3605,Health Information Management,https://openalex.org/fields/36
