id,name,subfield_id
https://openalex.org/T10028,Topic Modeling,https://openalex.org/subfields/1702
https://openalex.org/T10036,Advanced Neural Network Applications,https://openalex.org/subfields/1707
https://openalex.org/T10044,Protein Structure and Dynamics,https://openalex.org/subfields/1312
https://openalex.org/T10054,Parallel Computing and Optimization Techniques,https://openalex.org/subfields/1708
https://openalex.org/T10101,Cloud Computing and Resource Management,https://openalex.org/subfields/1710
https://openalex.org/T10181,Natural Language Processing Techniques,https://openalex.org/subfields/1702
https://openalex.org/T10201,Speech Recognition and Synthesis,https://openalex.org/subfields/1702
https://openalex.org/T10203,Recommender Systems and Techniques,https://openalex.org/subfields/1710
https://openalex.org/T10211,Computational Drug Discovery Methods,https://openalex.org/subfields/1703
https://openalex.org/T10215,Semantic Web and Ontologies,https://openalex.org/subfields/1702
https://openalex.org/T10260,Software Engineering Research,https://openalex.org/subfields/1710
https://openalex.org/T10270,Blockchain Technology Applications and Security,https://openalex.org/subfields/1710
https://openalex.org/T10320,Neural Networks and Applications,https://openalex.org/subfields/1702
https://openalex.org/T10350,Electronic Health Records Systems,https://openalex.org/subfields/3605
https://openalex.org/T10430,Software Engineering Techniques and Practices,https://openalex.org/subfields/1710
https://openalex.org/T10462,Reinforcement Learning in Robotics,https://openalex.org/subfields/1702
https://openalex.org/T10533,Teaching and Learning Programming,https://openalex.org/subfields/1706
https://openalex.org/T10609,Digital Marketing and Social Media,https://openalex.org/subfields/3312
https://openalex.org/T10627,Advanced Image and Video Retrieval Techniques,https://openalex.org/subfields/1707
https://openalex.org/T10636,Innovative Teaching and Learning Methods,https://openalex.org/subfields/3204
https://openalex.org/T10653,Robot Manipulation and Learning,https://openalex.org/subfields/2207
https://openalex.org/T10664,Sentiment Analysis and Opinion Mining,https://openalex.org/subfields/1702
https://openalex.org/T10709,Social Robot Interaction and HRI,https://openalex.org/subfields/3207
https://openalex.org/T10731,Educational Games and Gamification,https://openalex.org/subfields/3204
https://openalex.org/T10743,Software Testing and Debugging Techniques,https://openalex.org/subfields/1712
https://openalex.org/T10764,Privacy-Preserving Technologies in Data,https://openalex.org/subfields/1702
https://openalex.org/T10775,Generative Adversarial Networks and Image Synthesis,https://openalex.org/subfields/1707
https://openalex.org/T10789,Interactive and Immersive Displays,https://openalex.org/subfields/1709
https://openalex.org/T10812,Human Pose and Action Recognition,https://openalex.org/subfields/1707
https://openalex.org/T10824,Image Retrieval and Classification Techniques,https://openalex.org/subfields/1707
https://openalex.org/T10829,Interconnection Networks and Systems,https://openalex.org/subfields/1705
https://openalex.org/T10860,Speech and Audio Processing,https://openalex.org/subfields/1711
https://openalex.org/T10862,AI in cancer detection,https://openalex.org/subfields/1702
https://openalex.org/T10883,Ethics and Social Impacts of AI,https://openalex.org/subfields/3311
https://openalex.org/T10927,Access Control and Trust,https://openalex.org/subfields/3312
https://openalex.org/T11122,Online Learning and Analytics,https://openalex.org/subfields/1706
https://openalex.org/T11147,Misinformation and Its Impacts,https://openalex.org/subfields/3312
https://openalex.org/T11181,Advanced Data Storage Technologies,https://openalex.org/subfields/1705
https://openalex.org/T11241,Advanced Malware Detection Techniques,https://openalex.org/subfields/1711
https://openalex.org/T11269,Algorithms and Data Compression,https://openalex.org/subfields/1702
https://openalex.org/T11273,Advanced Graph Neural Networks,https://openalex.org/subfields/1702
https://openalex.org/T11307,Domain Adaptation and Few-Shot Learning,https://openalex.org/subfields/1702
https://openalex.org/T11309,Music and Audio Processing,https://openalex.org/subfields/1711
https://openalex.org/T11344,Traffic Prediction and Management Techniques,https://openalex.org/subfields/2215
https://openalex.org/T11407,Innovative Microfluidic and Catalytic Techniques Innovation,https://openalex.org/subfields/2204
https://openalex.org/T11478,Caching and Content Delivery,https://openalex.org/subfields/1705
https://openalex.org/T11512,Anomaly Detection Techniques and Applications,https://openalex.org/subfields/1702
https://openalex.org/T11516,Visual and Cognitive Learning Processes,https://openalex.org/subfields/3205
https://openalex.org/T11550,Text and Document Classification Technologies,https://openalex.org/subfields/1702
https://openalex.org/T11574,Artificial Intelligence in Games,https://openalex.org/subfields/1702
https://openalex.org/T11596,Constraint Satisfaction and Optimization,https://openalex.org/subfields/1705
https://openalex.org/T11598,Internet Traffic Analysis and Secure E-voting,https://openalex.org/subfields/1702
https://openalex.org/T11612,Stochastic Gradient Optimization Techniques,https://openalex.org/subfields/1702
https://openalex.org/T11636,Artificial Intelligence in Healthcare and Education,https://openalex.org/subfields/2718
https://openalex.org/T11652,Imbalanced Data Classification Techniques,https://openalex.org/subfields/1702
https://openalex.org/T11689,Adversarial Robustness in Machine Learning,https://openalex.org/subfields/1702
https://openalex.org/T11704,Mobile Crowdsensing and Crowdsourcing,https://openalex.org/subfields/1706
https://openalex.org/T11707,Gaze Tracking and Assistive Technology,https://openalex.org/subfields/1709
https://openalex.org/T11710,Biomedical Text Mining and Ontologies,https://openalex.org/subfields/1312
https://openalex.org/T11714,Multimodal Machine Learning Applications,https://openalex.org/subfields/1707
https://openalex.org/T11715,Education and Critical Thinking Development,https://openalex.org/subfields/3304
https://openalex.org/T11719,Data Quality and Management,https://openalex.org/subfields/1803
https://openalex.org/T11775,COVID-19 diagnosis using AI,https://openalex.org/subfields/2741
https://openalex.org/T11902,Intelligent Tutoring Systems and Adaptive Learning,https://openalex.org/subfields/1702
https://openalex.org/T11937,Research Data Management Practices,https://openalex.org/subfields/1710
https://openalex.org/T11948,Machine Learning in Materials Science,https://openalex.org/subfields/2505
https://openalex.org/T11980,Human Mobility and Location-Based Analysis,https://openalex.org/subfields/3313
https://openalex.org/T11986,Scientific Computing and Data Management,https://openalex.org/subfields/1802
https://openalex.org/T11995,"FinTech, Crowdfunding, Digital Finance",https://openalex.org/subfields/1404
https://openalex.org/T12002,"Computability, Logic, AI Algorithms",https://openalex.org/subfields/1703
https://openalex.org/T12026,Explainable Artificial Intelligence (XAI),https://openalex.org/subfields/1702
https://openalex.org/T12031,Speech and dialogue systems,https://openalex.org/subfields/1702
https://openalex.org/T12034,Digital and Cyber Forensics,https://openalex.org/subfields/1710
https://openalex.org/T12072,Machine Learning and Algorithms,https://openalex.org/subfields/1702
https://openalex.org/T12127,Software System Performance and Reliability,https://openalex.org/subfields/1705
https://openalex.org/T12128,AI in Service Interactions,https://openalex.org/subfields/1702
https://openalex.org/T12255,Biosimilars and Bioanalytical Methods,https://openalex.org/subfields/2403
https://openalex.org/T12262,Hate Speech and Cyberbullying Detection,https://openalex.org/subfields/1702
https://openalex.org/T12408,Educational Innovations and Challenges,https://openalex.org/subfields/1710
https://openalex.org/T12422,Radiomics and Machine Learning in Medical Imaging,https://openalex.org/subfields/2741
https://openalex.org/T12423,Software Reliability and Analysis Research,https://openalex.org/subfields/1712
https://openalex.org/T12535,Machine Learning and Data Classification,https://openalex.org/subfields/1702
https://openalex.org/T12607,Personal Information Management and User Behavior,https://openalex.org/subfields/1802
https://openalex.org/T12676,Machine Learning and ELM,https://openalex.org/subfields/1702
https://openalex.org/T12761,Data Stream Mining Techniques,https://openalex.org/subfields/1702
https://openalex.org/T12808,Ferroelectric and Negative Capacitance Devices,https://openalex.org/subfields/2208
https://openalex.org/T12859,Cell Image Analysis Techniques,https://openalex.org/subfields/1304
https://openalex.org/T13083,Advanced Text Analysis Techniques,https://openalex.org/subfields/1702
https://openalex.org/T13280,Biomedical and Engineering Education,https://openalex.org/subfields/2204
https://openalex.org/T13482,Engineering Education and Technology,https://openalex.org/subfields/1710
https://openalex.org/T13523,"Mathematics, Computing, and Information Processing",https://openalex.org/subfields/1703
https://openalex.org/T13629,Text Readability and Simplification,https://openalex.org/subfields/1702
https://openalex.org/T13650,Computational Physics and Python Applications,https://openalex.org/subfields/1702
https://openalex.org/T13702,Machine Learning in Healthcare,https://openalex.org/subfields/1702
https://openalex.org/T13910,Computational and Text Analysis Methods,https://openalex.org/subfields/3300
https://openalex.org/T13937,"Genetics, Bioinformatics, and Biomedical Research",https://openalex.org/subfields/1312
https://openalex.org/T14182,Technology-Enhanced Education Studies,https://openalex.org/subfields/3304
https://openalex.org/T14306,Technology Assessment and Management,https://openalex.org/subfields/2213
https://openalex.org/T14339,Image Processing and 3D Reconstruction,https://openalex.org/subfields/1707
https://openalex.org/T14347,Big Data and Digital Economy,https://openalex.org/subfields/1710
https://openalex.org/T14351,Statistical and Computational Modeling,https://openalex.org/subfields/1702
